projectid,siteid,estuaryname,stationno,samplecollectiondate,surveytype,netreplicate,scientificname,commonname,status,replicate,length_mm,lengthnotes,identificationnotes
EMPA,CC-ADLC,Arroyo de la Cruz,1,2024-10-14,beach seine,1,Not recorded,Not recorded,Not recorded,-88,-88,,
EMPA,CC-ADLC,Arroyo de la Cruz,1,2024-10-14,beach seine,2,Not recorded,Not recorded,Not recorded,-88,-88,,
EMPA,CC-ADLC,Arroyo de la Cruz,1,2024-10-14,beach seine,3,Not recorded,Not recorded,Not recorded,-88,-88,,
EMPA,CC-ADLC,Arroyo de la Cruz,1,2024-10-14,beach seine,4,Gasterosteus aculeatus,threespine stickleback,native,1,17,,
EMPA,CC-ADLC,Arroyo de la Cruz,1,2024-10-14,beach seine,4,Gasterosteus aculeatus,threespine stickleback,native,2,14,,
EMPA,CC-ADLC,Arroyo de la Cruz,1,2024-10-14,beach seine,4,Gasterosteus aculeatus,threespine stickleback,native,3,14,,
EMPA,CC-ADLC,Arroyo de la Cruz,1,2024-10-14,beach seine,4,Gasterosteus aculeatus,threespine stickleback,native,4,17,,
EMPA,CC-ADLC,Arroyo de la Cruz,1,2024-10-14,beach seine,5,Gasterosteus aculeatus,threespine stickleback,native,1,39,,
EMPA,CC-ADLC,Arroyo de la Cruz,1,2024-10-14,beach seine,5,Gasterosteus aculeatus,threespine stickleback,native,2,26,,
EMPA,CC-ADLC,Arroyo de la Cruz,1,2024-10-14,beach seine,5,Gasterosteus aculeatus,threespine stickleback,native,3,22,,
EMPA,CC-ADLC,Arroyo de la Cruz,1,2024-10-14,beach seine,5,Gasterosteus aculeatus,threespine stickleback,native,4,21,,
EMPA,CC-ADLC,Arroyo de la Cruz,1,2024-10-14,beach seine,5,Gasterosteus aculeatus,threespine stickleback,native,5,18,,
EMPA,CC-ADLC,Arroyo de la Cruz,1,2024-10-14,beach seine,5,Gasterosteus aculeatus,threespine stickleback,native,6,22,,
EMPA,CC-ADLC,Arroyo de la Cruz,1,2024-10-14,beach seine,5,Gasterosteus aculeatus,threespine stickleback,native,7,23,,
EMPA,CC-ADLC,Arroyo de la Cruz,1,2024-10-14,beach seine,5,Gasterosteus aculeatus,threespine stickleback,native,8,19,,
EMPA,CC-ADLC,Arroyo de la Cruz,1,2024-10-14,beach seine,5,Gasterosteus aculeatus,threespine stickleback,native,9,24,,
EMPA,CC-ADLC,Arroyo de la Cruz,1,2024-10-14,beach seine,5,Gasterosteus aculeatus,threespine stickleback,native,10,18,,
EMPA,CC-ADLC,Arroyo de la Cruz,1,2024-10-14,beach seine,5,Eucyclogobius newberryi,tidewater goby,native,1,31,,
EMPA,CC-ADLC,Arroyo de la Cruz,1,2024-10-14,beach seine,5,Eucyclogobius newberryi,tidewater goby,native,2,31,,
EMPA,CC-ADLC,Arroyo de la Cruz,1,2024-10-14,beach seine,5,Eucyclogobius newberryi,tidewater goby,native,3,34,,
EMPA,CC-ADLC,Arroyo de la Cruz,2,2024-10-14,beach seine,1,Eucyclogobius newberryi,tidewater goby,native,1,23,,
EMPA,CC-ADLC,Arroyo de la Cruz,2,2024-10-14,beach seine,1,Oncorhynchus mykiss,steelhead trout,native,1,185,,
EMPA,CC-ADLC,Arroyo de la Cruz,2,2024-10-14,beach seine,1,Oncorhynchus mykiss,steelhead trout,native,2,165,,
EMPA,CC-ADLC,Arroyo de la Cruz,2,2024-10-14,beach seine,1,Oncorhynchus mykiss,steelhead trout,native,3,200,,
EMPA,CC-ADLC,Arroyo de la Cruz,2,2024-10-14,beach seine,2,Not recorded,Not recorded,Not recorded,-88,-88,,
EMPA,CC-ADLC,Arroyo de la Cruz,2,2024-10-14,beach seine,3,Gasterosteus aculeatus,threespine stickleback,native,1,31,,
EMPA,CC-ADLC,Arroyo de la Cruz,2,2024-10-14,beach seine,3,Gasterosteus aculeatus,threespine stickleback,native,2,16,,
EMPA,CC-ADLC,Arroyo de la Cruz,2,2024-10-14,beach seine,3,Gasterosteus aculeatus,threespine stickleback,native,3,17,,
EMPA,CC-ADLC,Arroyo de la Cruz,2,2024-10-14,beach seine,3,Gasterosteus aculeatus,threespine stickleback,native,4,24,,
EMPA,CC-ADLC,Arroyo de la Cruz,2,2024-10-14,beach seine,3,Gasterosteus aculeatus,threespine stickleback,native,5,15,,
EMPA,CC-ADLC,Arroyo de la Cruz,2,2024-10-14,beach seine,3,Gasterosteus aculeatus,threespine stickleback,native,6,11,,
EMPA,CC-ADLC,Arroyo de la Cruz,2,2024-10-14,beach seine,3,Gasterosteus aculeatus,threespine stickleback,native,7,12,,
EMPA,CC-ADLC,Arroyo de la Cruz,2,2024-10-14,beach seine,3,Eucyclogobius newberryi,tidewater goby,native,1,36,,
EMPA,CC-ADLC,Arroyo de la Cruz,2,2024-10-14,beach seine,3,Eucyclogobius newberryi,tidewater goby,native,2,32,,
EMPA,CC-ADLC,Arroyo de la Cruz,2,2024-10-14,beach seine,3,Eucyclogobius newberryi,tidewater goby,native,3,23,,
EMPA,CC-ADLC,Arroyo de la Cruz,2,2024-10-14,beach seine,3,Eucyclogobius newberryi,tidewater goby,native,4,31,,
EMPA,CC-ADLC,Arroyo de la Cruz,2,2024-10-14,beach seine,3,Eucyclogobius newberryi,tidewater goby,native,5,29,,
EMPA,CC-ADLC,Arroyo de la Cruz,2,2024-10-14,beach seine,3,Eucyclogobius newberryi,tidewater goby,native,6,28,,
EMPA,CC-ADLC,Arroyo de la Cruz,2,2024-10-14,beach seine,3,Eucyclogobius newberryi,tidewater goby,native,7,28,,
EMPA,CC-ADLC,Arroyo de la Cruz,2,2024-10-14,beach seine,3,Eucyclogobius newberryi,tidewater goby,native,8,31,,
EMPA,CC-ADLC,Arroyo de la Cruz,2,2024-10-14,beach seine,4,Gasterosteus aculeatus,threespine stickleback,native,-88,-88,,
EMPA,CC-ADLC,Arroyo de la Cruz,2,2024-10-14,beach seine,4,Eucyclogobius newberryi,tidewater goby,native,-88,-88,,
EMPA,CC-ADLC,Arroyo de la Cruz,2,2024-10-14,beach seine,4,Cottus asper,,native,-88,-88,,
EMPA,CC-ADLC,Arroyo de la Cruz,2,2024-10-14,beach seine,4,Actinemys marmorata,western pond turtle,native,-88,-88,,
EMPA,CC-ADLC,Arroyo de la Cruz,2,2024-10-14,beach seine,5,Gasterosteus aculeatus,threespine stickleback,native,-88,-88,,
EMPA,CC-ADLC,Arroyo de la Cruz,2,2024-10-14,beach seine,5,Eucyclogobius newberryi,tidewater goby,native,-88,-88,,
EMPA,CC-CAR,Carmel River ,1,10/21/2024,beach seine ,3,Gasterosteus aculeatus,threespine stickleback,,1,26,,
EMPA,CC-CAR,Carmel River ,1,10/21/2024,beach seine ,2,Not recorded ,Not recorded ,Not recorded ,-88,-88,,
EMPA,CC-CAR,Carmel River ,1,10/21/2024,beach seine ,4,Not recorded ,Not recorded ,Not recorded ,-88,-88,,
EMPA,CC-CAR,Carmel River ,1,10/21/2024,beach seine ,5,Not recorded ,Not recorded ,Not recorded ,-88,-88,,
EMPA,CC-CAR,Carmel River ,1,10/21/2024,beach seine ,1,Not recorded ,Not recorded ,Not recorded ,-88,-88,,
EMPA,CC-CAR,Carmel River ,3,10/22/2024,beach seine ,1,Gasterosteus aculeatus,threespine stickleback,,1,25,,
EMPA,CC-CAR,Carmel River ,3,10/22/2024,beach seine ,1,Gasterosteus aculeatus,threespine stickleback,,2,16,,
EMPA,CC-CAR,Carmel River ,3,10/22/2024,beach seine ,1,Gasterosteus aculeatus,threespine stickleback,,3,24,,
EMPA,CC-CAR,Carmel River ,3,10/22/2024,beach seine ,1,Gasterosteus aculeatus,threespine stickleback,,4,20,,
EMPA,CC-CAR,Carmel River ,3,10/22/2024,beach seine ,1,Gasterosteus aculeatus,threespine stickleback,,5,23,,
EMPA,CC-CAR,Carmel River ,3,10/22/2024,beach seine ,1,Gasterosteus aculeatus,threespine stickleback,,6,23,,
EMPA,CC-CAR,Carmel River ,3,10/22/2024,beach seine ,1,Gasterosteus aculeatus,threespine stickleback,,7,25,,
EMPA,CC-CAR,Carmel River ,3,10/22/2024,beach seine ,1,Gasterosteus aculeatus,threespine stickleback,,8,28,,
EMPA,CC-CAR,Carmel River ,3,10/22/2024,beach seine ,1,Gasterosteus aculeatus,threespine stickleback,,9,28,,
EMPA,CC-CAR,Carmel River ,3,10/22/2024,beach seine ,1,Gasterosteus aculeatus,threespine stickleback,,10,29,,
EMPA,CC-CAR,Carmel River ,3,10/22/2024,beach seine ,1,Gasterosteus aculeatus,threespine stickleback,,-88,-88,,
EMPA,CC-CAR,Carmel River ,3,10/22/2024,beach seine ,2,Gasterosteus aculeatus,threespine stickleback,,1,21,,
EMPA,CC-CAR,Carmel River ,3,10/22/2024,beach seine ,2,Gasterosteus aculeatus,threespine stickleback,,2,18,,
EMPA,CC-CAR,Carmel River ,3,10/22/2024,beach seine ,2,Gasterosteus aculeatus,threespine stickleback,,3,20,,
EMPA,CC-CAR,Carmel River ,3,10/22/2024,beach seine ,2,Gasterosteus aculeatus,threespine stickleback,,4,31,,
EMPA,CC-CAR,Carmel River ,3,10/22/2024,beach seine ,3,Gasterosteus aculeatus,threespine stickleback,,1,20,,
EMPA,CC-CAR,Carmel River ,3,10/22/2024,beach seine ,3,Gasterosteus aculeatus,threespine stickleback,,2,33,,
EMPA,CC-CAR,Carmel River ,3,10/22/2024,beach seine ,3,Gasterosteus aculeatus,threespine stickleback,,3,18,,
EMPA,CC-CAR,Carmel River ,3,10/22/2024,beach seine ,3,Gasterosteus aculeatus,threespine stickleback,,4,24,,
EMPA,CC-CAR,Carmel River ,3,10/22/2024,beach seine ,3,Gasterosteus aculeatus,threespine stickleback,,5,20,,
EMPA,CC-CAR,Carmel River ,3,10/22/2024,beach seine ,3,Gasterosteus aculeatus,threespine stickleback,,6,21,,
EMPA,CC-CAR,Carmel River ,3,10/22/2024,beach seine ,4,Gasterosteus aculeatus,threespine stickleback,,-88,-88,,
EMPA,CC-CAR,Carmel River ,3,10/22/2024,beach seine ,5,Gasterosteus aculeatus,threespine stickleback,,-88,-88,,
EMPA,CC-CAR,Carmel River ,2,10/21/2024,beach seine ,1,Not recorded ,Not recorded ,Not recorded ,-88,-88,,
EMPA,CC-ELK,Elkhorn Slough,1,10/29/2024,beach seine,1,Cymatogaster aggregata,shiner surfperch,native,1,62,,
EMPA,CC-ELK,Elkhorn Slough,1,10/29/2024,beach seine,1,Cymatogaster aggregata,shiner surfperch,native,2,53,,
EMPA,CC-ELK,Elkhorn Slough,1,10/29/2024,beach seine,1,Syngnathus leptorhynchus,bay pipefish,native,1,193,,
EMPA,CC-ELK,Elkhorn Slough,1,10/29/2024,beach seine,1,Syngnathus leptorhynchus,bay pipefish,native,2,225,,
EMPA,CC-ELK,Elkhorn Slough,1,10/29/2024,beach seine,1,Clevelandia ios,arrow goby,native,1,37,,
EMPA,CC-ELK,Elkhorn Slough,1,10/29/2024,beach seine,2,Clevelandia ios,arrow goby,native,1,47,,
EMPA,CC-ELK,Elkhorn Slough,1,10/29/2024,beach seine,3,Not recorded,Not recorded,Not recorded,1,-88,,
EMPA,CC-ELK,Elkhorn Slough,1,10/29/2024,beach seine,4,Not recorded,Not recorded,Not recorded,1,-88,,
EMPA,CC-ELK,Elkhorn Slough,1,10/29/2024,beach seine,5,Syngnathus leptorhynchus,bay pipefish,native,1,223,,
EMPA,CC-ELK,Elkhorn Slough,1,10/29/2024,beach seine,5,Syngnathus leptorhynchus,bay pipefish,native,2,192,,
EMPA,CC-ELK,Elkhorn Slough,1,10/29/2024,beach seine,5,Syngnathus leptorhynchus,bay pipefish,native,3,169,,
EMPA,CC-ELK,Elkhorn Slough,1,10/29/2024,beach seine,5,Syngnathus leptorhynchus,bay pipefish,native,4,199,,
EMPA,CC-ELK,Elkhorn Slough,1,10/29/2024,beach seine,5,Syngnathus leptorhynchus,bay pipefish,native,5,148,,
EMPA,CC-ELK,Elkhorn Slough,1,10/29/2024,beach seine,5,Syngnathus leptorhynchus,bay pipefish,native,6,143,,
EMPA,CC-ELK,Elkhorn Slough,1,10/29/2024,beach seine,5,Syngnathus leptorhynchus,bay pipefish,native,7,121,,
EMPA,CC-ELK,Elkhorn Slough,1,10/29/2024,beach seine,5,Syngnathus leptorhynchus,bay pipefish,native,8,158,,
EMPA,CC-ELK,Elkhorn Slough,1,10/29/2024,beach seine,5,Syngnathus leptorhynchus,bay pipefish,native,9,143,,
EMPA,CC-ELK,Elkhorn Slough,1,10/29/2024,beach seine,5,Syngnathus leptorhynchus,bay pipefish,native,10,81,,
EMPA,CC-ELK,Elkhorn Slough,1,10/29/2024,beach seine,5,Atherinops affinis,topsmelt silverside,native,1,98,,
EMPA,CC-ELK,Elkhorn Slough,1,10/29/2024,beach seine,5,Atherinops affinis,topsmelt silverside,native,2,83,,
EMPA,CC-ELK,Elkhorn Slough,1,10/29/2024,beach seine,5,Atherinops affinis,topsmelt silverside,native,3,82,,
EMPA,CC-ELK,Elkhorn Slough,1,10/29/2024,beach seine,5,Atherinops affinis,topsmelt silverside,native,4,90,,
EMPA,CC-ELK,Elkhorn Slough,1,10/29/2024,beach seine,5,Atherinops affinis,topsmelt silverside,native,5,79,,
EMPA,CC-ELK,Elkhorn Slough,1,10/29/2024,beach seine,5,Atherinops affinis,topsmelt silverside,native,6,72,,
EMPA,CC-ELK,Elkhorn Slough,1,10/29/2024,beach seine,5,Atherinops affinis,topsmelt silverside,native,7,67,,
EMPA,CC-ELK,Elkhorn Slough,1,10/29/2024,beach seine,5,Atherinops affinis,topsmelt silverside,native,8,44,,
EMPA,CC-ELK,Elkhorn Slough,1,10/29/2024,beach seine,5,Atherinops affinis,topsmelt silverside,native,9,44,,
EMPA,CC-ELK,Elkhorn Slough,1,10/29/2024,beach seine,5,Gasterosteus aculeatus,threespine stickleback,native,1,44,,
EMPA,CC-ELK,Elkhorn Slough,1,10/29/2024,beach seine,5,Gasterosteus aculeatus,threespine stickleback,native,2,39,,
EMPA,CC-ELK,Elkhorn Slough,1,10/29/2024,beach seine,5,Clevelandia ios,arrow goby,native,1,41,,
EMPA,CC-ELK,Elkhorn Slough,2,10/29/2024,beach seine,1,Atherinops affinis,topsmelt silverside,native,1,51,,
EMPA,CC-ELK,Elkhorn Slough,2,10/29/2024,beach seine,1,Atherinops affinis,topsmelt silverside,native,2,63,,
EMPA,CC-ELK,Elkhorn Slough,2,10/29/2024,beach seine,1,Atherinops affinis,topsmelt silverside,native,3,46,,
EMPA,CC-ELK,Elkhorn Slough,2,10/29/2024,beach seine,2,Atherinops affinis,topsmelt silverside,native,1,85,,
EMPA,CC-ELK,Elkhorn Slough,2,10/29/2024,beach seine,2,Atherinops affinis,topsmelt silverside,native,2,77,,
EMPA,CC-ELK,Elkhorn Slough,2,10/29/2024,beach seine,2,Atherinops affinis,topsmelt silverside,native,3,76,,
EMPA,CC-ELK,Elkhorn Slough,2,10/29/2024,beach seine,2,Atherinops affinis,topsmelt silverside,native,4,46,,
EMPA,CC-ELK,Elkhorn Slough,2,10/29/2024,beach seine,2,Atherinops affinis,topsmelt silverside,native,5,67,,
EMPA,CC-ELK,Elkhorn Slough,2,10/29/2024,beach seine,2,Atherinops affinis,topsmelt silverside,native,6,53,,
EMPA,CC-ELK,Elkhorn Slough,2,10/29/2024,beach seine,2,Atherinops affinis,topsmelt silverside,native,7,41,,
EMPA,CC-ELK,Elkhorn Slough,2,10/29/2024,beach seine,2,Atherinops affinis,topsmelt silverside,native,8,72,,
EMPA,CC-ELK,Elkhorn Slough,2,10/29/2024,beach seine,2,Atherinops affinis,topsmelt silverside,native,9,41,,
EMPA,CC-ELK,Elkhorn Slough,2,10/29/2024,beach seine,2,Atherinops affinis,topsmelt silverside,native,10,53,,
EMPA,CC-ELK,Elkhorn Slough,2,10/29/2024,beach seine,2,Clevelandia ios,arrow goby,native,1,44,,
EMPA,CC-ELK,Elkhorn Slough,2,10/29/2024,beach seine,3,Atherinops affinis,topsmelt silverside,native,1,95,,
EMPA,CC-ELK,Elkhorn Slough,2,10/29/2024,beach seine,3,Atherinops affinis,topsmelt silverside,native,2,69,,
EMPA,CC-ELK,Elkhorn Slough,2,10/29/2024,beach seine,3,Atherinops affinis,topsmelt silverside,native,3,104,,
EMPA,CC-ELK,Elkhorn Slough,2,10/29/2024,beach seine,3,Atherinops affinis,topsmelt silverside,native,4,46,,
EMPA,CC-ELK,Elkhorn Slough,2,10/29/2024,beach seine,3,Atherinops affinis,topsmelt silverside,native,5,40,,
EMPA,CC-ELK,Elkhorn Slough,2,10/29/2024,beach seine,3,Atherinops affinis,topsmelt silverside,native,6,71,,
EMPA,CC-ELK,Elkhorn Slough,2,10/29/2024,beach seine,3,Atherinops affinis,topsmelt silverside,native,7,34,,
EMPA,CC-ELK,Elkhorn Slough,2,10/29/2024,beach seine,3,Atherinops affinis,topsmelt silverside,native,8,68,,
EMPA,CC-ELK,Elkhorn Slough,2,10/29/2024,beach seine,3,Atherinops affinis,topsmelt silverside,native,9,41,,
EMPA,CC-ELK,Elkhorn Slough,2,10/29/2024,beach seine,3,Atherinops affinis,topsmelt silverside,native,10,69,,
EMPA,CC-ELK,Elkhorn Slough,2,10/29/2024,beach seine,3,Clevelandia ios,arrow goby,native,1,46,,
EMPA,CC-ELK,Elkhorn Slough,2,10/29/2024,beach seine,3,Clevelandia ios,arrow goby,native,2,46,,
EMPA,CC-ELK,Elkhorn Slough,2,10/29/2024,beach seine,3,Clevelandia ios,arrow goby,native,3,32,,
EMPA,CC-ELK,Elkhorn Slough,2,10/29/2024,beach seine,4,Not recorded,Not recorded,Not recorded,-88,-88,,
EMPA,CC-ELK,Elkhorn Slough,2,10/29/2024,beach seine,5,Not recorded,Not recorded,Not recorded,-88,-88,,
EMPA,CC-ELK,Elkhorn Slough,3,10/28/2024,beach seine,1,Clevelandia ios,arrow goby,native,1,42,,
EMPA,CC-ELK,Elkhorn Slough,3,10/28/2024,beach seine,1,Clevelandia ios,arrow goby,native,2,38,,
EMPA,CC-ELK,Elkhorn Slough,3,10/28/2024,beach seine,1,Clevelandia ios,arrow goby,native,3,45,,
EMPA,CC-ELK,Elkhorn Slough,3,10/28/2024,beach seine,1,Clevelandia ios,arrow goby,native,4,42,,
EMPA,CC-ELK,Elkhorn Slough,3,10/28/2024,beach seine,2,Atherinops affinis,topsmelt silverside,native,1,48,,
EMPA,CC-ELK,Elkhorn Slough,3,10/28/2024,beach seine,2,Atherinops affinis,topsmelt silverside,native,2,50,,
EMPA,CC-ELK,Elkhorn Slough,3,10/28/2024,beach seine,2,Clevelandia ios,arrow goby,native,1,43,,
EMPA,CC-ELK,Elkhorn Slough,3,10/28/2024,beach seine,2,Clevelandia ios,arrow goby,native,2,47,,
EMPA,CC-ELK,Elkhorn Slough,3,10/28/2024,beach seine,3,Atherinops affinis,topsmelt silverside,native,1,67,,
EMPA,CC-ELK,Elkhorn Slough,3,10/28/2024,beach seine,3,Atherinops affinis,topsmelt silverside,native,2,67,,
EMPA,CC-ELK,Elkhorn Slough,3,10/28/2024,beach seine,3,Atherinops affinis,topsmelt silverside,native,3,50,,
EMPA,CC-ELK,Elkhorn Slough,3,10/28/2024,beach seine,3,Atherinops affinis,topsmelt silverside,native,4,49,,
EMPA,CC-ELK,Elkhorn Slough,3,10/28/2024,beach seine,3,Atherinops affinis,topsmelt silverside,native,5,64,,
EMPA,CC-ELK,Elkhorn Slough,3,10/28/2024,beach seine,3,Atherinops affinis,topsmelt silverside,native,6,43,,
EMPA,CC-ELK,Elkhorn Slough,3,10/28/2024,beach seine,3,Clevelandia ios,arrow goby,native,1,42,,
EMPA,CC-ELK,Elkhorn Slough,3,10/28/2024,beach seine,4,Not recorded,Not recorded,Not recorded,-88,-88,,
EMPA,CC-ELK,Elkhorn Slough,3,10/28/2024,beach seine,5,Not recorded,Not recorded,Not recorded,-88,-88,,
EMPA,CC-MCS,Moro Cojo Slough,1,9/30/2024,beach seine,1,Leptocottus armatus,Pacific staghorn sculpin,native,1,151,,
EMPA,CC-MCS,Moro Cojo Slough,1,9/30/2024,beach seine,1,Cottus asper,prickly sculpin,native,1,53,,
EMPA,CC-MCS,Moro Cojo Slough,1,9/30/2024,beach seine,1,Cottus asper,prickly sculpin,native,2,72,,
EMPA,CC-MCS,Moro Cojo Slough,1,9/30/2024,beach seine,1,Cottus asper,prickly sculpin,native,3,63,,
EMPA,CC-MCS,Moro Cojo Slough,1,9/30/2024,beach seine,1,Cottus asper,prickly sculpin,native,4,66,,
EMPA,CC-MCS,Moro Cojo Slough,1,9/30/2024,beach seine,1,Gasterosteus aculeatus,threespine stickleback,native,1,37,,
EMPA,CC-MCS,Moro Cojo Slough,1,9/30/2024,beach seine,1,Gasterosteus aculeatus,threespine stickleback,native,2,22,,
EMPA,CC-MCS,Moro Cojo Slough,1,9/30/2024,beach seine,1,Gasterosteus aculeatus,threespine stickleback,native,3,24,,
EMPA,CC-MCS,Moro Cojo Slough,1,9/30/2024,beach seine,1,Hemigrapsus oregonensis,yellow shore crab,native,1,22,,
EMPA,CC-MCS,Moro Cojo Slough,1,9/30/2024,beach seine,1,Carcinus maenas,European green crab,invasive,1,61,,
EMPA,CC-MCS,Moro Cojo Slough,1,9/30/2024,beach seine,1,Carcinus maenas,European green crab,invasive,2,58,,
EMPA,CC-MCS,Moro Cojo Slough,1,9/30/2024,beach seine,1,Carcinus maenas,European green crab,invasive,3,48,,
EMPA,CC-MCS,Moro Cojo Slough,1,9/30/2024,beach seine,1,Carcinus maenas,European green crab,invasive,4,59,,
EMPA,CC-MCS,Moro Cojo Slough,1,9/30/2024,beach seine,1,Carcinus maenas,European green crab,invasive,5,50,,
EMPA,CC-MCS,Moro Cojo Slough,1,9/30/2024,beach seine,1,Carcinus maenas,European green crab,invasive,6,54,,
EMPA,CC-MCS,Moro Cojo Slough,1,9/30/2024,beach seine,1,Carcinus maenas,European green crab,invasive,7,49,,
EMPA,CC-MCS,Moro Cojo Slough,1,9/30/2024,beach seine,1,Carcinus maenas,European green crab,invasive,8,55,,
EMPA,CC-MCS,Moro Cojo Slough,1,9/30/2024,beach seine,1,Carcinus maenas,European green crab,invasive,9,60,,
EMPA,CC-MCS,Moro Cojo Slough,1,9/30/2024,beach seine,1,Carcinus maenas,European green crab,invasive,10,48,,
EMPA,CC-MCS,Moro Cojo Slough,1,9/30/2024,beach seine,2,Atherinops affinis,topsmelt silverside,native,1,182,,
EMPA,CC-MCS,Moro Cojo Slough,1,9/30/2024,beach seine,2,Atherinops affinis,topsmelt silverside,native,2,159,,
EMPA,CC-MCS,Moro Cojo Slough,1,9/30/2024,beach seine,2,Atherinops affinis,topsmelt silverside,native,3,166,,
EMPA,CC-MCS,Moro Cojo Slough,1,9/30/2024,beach seine,2,Atherinops affinis,topsmelt silverside,native,4,164,,
EMPA,CC-MCS,Moro Cojo Slough,1,9/30/2024,beach seine,2,Atherinops affinis,topsmelt silverside,native,5,154,,
EMPA,CC-MCS,Moro Cojo Slough,1,9/30/2024,beach seine,2,Atherinops affinis,topsmelt silverside,native,6,155,,
EMPA,CC-MCS,Moro Cojo Slough,1,9/30/2024,beach seine,2,Atherinops affinis,topsmelt silverside,native,7,163,,
EMPA,CC-MCS,Moro Cojo Slough,1,9/30/2024,beach seine,2,Acanthogobius flavimanus,yellowfin goby,invasive,1,120,,
EMPA,CC-MCS,Moro Cojo Slough,1,9/30/2024,beach seine,2,Leptocottus armatus,Pacific staghorn sculpin,native,1,117,,
EMPA,CC-MCS,Moro Cojo Slough,1,9/30/2024,beach seine,2,Clevelandia ios,arrow goby,native,1,47,,
EMPA,CC-MCS,Moro Cojo Slough,1,9/30/2024,beach seine,2,Gasterosteus aculeatus,threespine stickleback,native,1,39,,
EMPA,CC-MCS,Moro Cojo Slough,1,9/30/2024,beach seine,2,Gasterosteus aculeatus,threespine stickleback,native,2,18,,
EMPA,CC-MCS,Moro Cojo Slough,1,9/30/2024,beach seine,2,Carcinus maenas,European green crab,invasive,1,59,,
EMPA,CC-MCS,Moro Cojo Slough,1,9/30/2024,beach seine,2,Carcinus maenas,European green crab,invasive,2,69,,
EMPA,CC-MCS,Moro Cojo Slough,1,9/30/2024,beach seine,2,Carcinus maenas,European green crab,invasive,3,68,,
EMPA,CC-MCS,Moro Cojo Slough,1,9/30/2024,beach seine,2,Carcinus maenas,European green crab,invasive,4,55,,
EMPA,CC-MCS,Moro Cojo Slough,1,9/30/2024,beach seine,2,Carcinus maenas,European green crab,invasive,5,50,,
EMPA,CC-MCS,Moro Cojo Slough,1,9/30/2024,beach seine,2,Carcinus maenas,European green crab,invasive,6,57,,
EMPA,CC-MCS,Moro Cojo Slough,1,9/30/2024,beach seine,2,Carcinus maenas,European green crab,invasive,7,55,,
EMPA,CC-MCS,Moro Cojo Slough,1,9/30/2024,beach seine,2,Carcinus maenas,European green crab,invasive,8,59,,
EMPA,CC-MCS,Moro Cojo Slough,1,9/30/2024,beach seine,2,Carcinus maenas,European green crab,invasive,9,61,,
EMPA,CC-MCS,Moro Cojo Slough,1,9/30/2024,beach seine,2,Carcinus maenas,European green crab,invasive,10,55,,
EMPA,CC-MCS,Moro Cojo Slough,1,9/30/2024,beach seine,3,Gasterosteus aculeatus,threespine stickleback,native,1,40,,
EMPA,CC-MCS,Moro Cojo Slough,1,9/30/2024,beach seine,3,Gasterosteus aculeatus,threespine stickleback,native,2,37,,
EMPA,CC-MCS,Moro Cojo Slough,1,9/30/2024,beach seine,3,Gasterosteus aculeatus,threespine stickleback,native,3,46,,
EMPA,CC-MCS,Moro Cojo Slough,1,9/30/2024,beach seine,3,Gasterosteus aculeatus,threespine stickleback,native,4,34,,
EMPA,CC-MCS,Moro Cojo Slough,1,9/30/2024,beach seine,3,Gasterosteus aculeatus,threespine stickleback,native,5,39,,
EMPA,CC-MCS,Moro Cojo Slough,1,9/30/2024,beach seine,3,Gasterosteus aculeatus,threespine stickleback,native,6,40,,
EMPA,CC-MCS,Moro Cojo Slough,1,9/30/2024,beach seine,3,Gasterosteus aculeatus,threespine stickleback,native,7,41,,
EMPA,CC-MCS,Moro Cojo Slough,1,9/30/2024,beach seine,3,Gasterosteus aculeatus,threespine stickleback,native,8,31,,
EMPA,CC-MCS,Moro Cojo Slough,1,9/30/2024,beach seine,3,Gasterosteus aculeatus,threespine stickleback,native,9,36,,
EMPA,CC-MCS,Moro Cojo Slough,1,9/30/2024,beach seine,3,Gasterosteus aculeatus,threespine stickleback,native,10,34,,
EMPA,CC-MCS,Moro Cojo Slough,1,9/30/2024,beach seine,3,Atherinops affinis,topsmelt silverside,native,1,56,,
EMPA,CC-MCS,Moro Cojo Slough,1,9/30/2024,beach seine,3,Atherinops affinis,topsmelt silverside,native,2,47,,
EMPA,CC-MCS,Moro Cojo Slough,1,9/30/2024,beach seine,3,Atherinops affinis,topsmelt silverside,native,3,39,,
EMPA,CC-MCS,Moro Cojo Slough,1,9/30/2024,beach seine,3,Atherinops affinis,topsmelt silverside,native,4,32,,
EMPA,CC-MCS,Moro Cojo Slough,1,9/30/2024,beach seine,3,Atherinops affinis,topsmelt silverside,native,5,46,,
EMPA,CC-MCS,Moro Cojo Slough,1,9/30/2024,beach seine,3,Atherinops affinis,topsmelt silverside,native,6,61,,
EMPA,CC-MCS,Moro Cojo Slough,1,9/30/2024,beach seine,3,Atherinops affinis,topsmelt silverside,native,7,50,,
EMPA,CC-MCS,Moro Cojo Slough,1,9/30/2024,beach seine,3,Atherinops affinis,topsmelt silverside,native,8,42,,
EMPA,CC-MCS,Moro Cojo Slough,1,9/30/2024,beach seine,3,Atherinops affinis,topsmelt silverside,native,9,41,,
EMPA,CC-MCS,Moro Cojo Slough,1,9/30/2024,beach seine,3,Atherinops affinis,topsmelt silverside,native,10,41,,
EMPA,CC-MCS,Moro Cojo Slough,1,9/30/2024,beach seine,3,Acanthogobius flavimanus,yellowfin goby,invasive,1,137,,
EMPA,CC-MCS,Moro Cojo Slough,1,9/30/2024,beach seine,3,Acanthogobius flavimanus,yellowfin goby,invasive,2,142,,
EMPA,CC-MCS,Moro Cojo Slough,1,9/30/2024,beach seine,3,Leptocottus armatus,Pacific staghorn sculpin,native,1,123,,
EMPA,CC-MCS,Moro Cojo Slough,1,9/30/2024,beach seine,3,Carcinus maenas,European green crab,invasive,1,-88,,
EMPA,CC-MCS,Moro Cojo Slough,1,9/30/2024,beach seine,4,Gasterosteus aculeatus,threespine stickleback,native,-88,-88,,
EMPA,CC-MCS,Moro Cojo Slough,1,9/30/2024,beach seine,4,Atherinops affinis,topsmelt silverside,native,-88,-88,,
EMPA,CC-MCS,Moro Cojo Slough,1,9/30/2024,beach seine,4,Acanthogobius flavimanus,yellowfin goby,invasive,-88,-88,,
EMPA,CC-MCS,Moro Cojo Slough,1,9/30/2024,beach seine,4,Engraulis mordax,Californian anchovy,native,-88,-88,,
EMPA,CC-MCS,Moro Cojo Slough,1,9/30/2024,beach seine,4,Clupea pallasii,Pacific herring,native,-88,-88,,
EMPA,CC-MCS,Moro Cojo Slough,1,9/30/2024,beach seine,4,Carcinus maenas,European green crab,invasive,-88,-88,,
EMPA,CC-MCS,Moro Cojo Slough,1,9/30/2024,beach seine,5,Gasterosteus aculeatus,threespine stickleback,native,-88,-88,,
EMPA,CC-MCS,Moro Cojo Slough,1,9/30/2024,beach seine,5,Atherinops affinis,topsmelt silverside,native,-88,-88,,
EMPA,CC-MCS,Moro Cojo Slough,1,9/30/2024,beach seine,5,Acanthogobius flavimanus,yellowfin goby,invasive,-88,-88,,
EMPA,CC-MCS,Moro Cojo Slough,1,9/30/2024,beach seine,5,Carcinus maenas,European green crab,invasive,-88,-88,,
EMPA,CC-MCS,Moro Cojo Slough,2,10/1/2024,beach seine,1,Atherinops affinis,topsmelt silverside,native,1,65,,
EMPA,CC-MCS,Moro Cojo Slough,2,10/1/2024,beach seine,1,Atherinops affinis,topsmelt silverside,native,2,36,,
EMPA,CC-MCS,Moro Cojo Slough,2,10/1/2024,beach seine,1,Atherinops affinis,topsmelt silverside,native,3,52,,
EMPA,CC-MCS,Moro Cojo Slough,2,10/1/2024,beach seine,1,Atherinops affinis,topsmelt silverside,native,4,40,,
EMPA,CC-MCS,Moro Cojo Slough,2,10/1/2024,beach seine,1,Atherinops affinis,topsmelt silverside,native,5,42,,
EMPA,CC-MCS,Moro Cojo Slough,2,10/1/2024,beach seine,1,Atherinops affinis,topsmelt silverside,native,6,40,,
EMPA,CC-MCS,Moro Cojo Slough,2,10/1/2024,beach seine,1,Atherinops affinis,topsmelt silverside,native,7,37,,
EMPA,CC-MCS,Moro Cojo Slough,2,10/1/2024,beach seine,1,Atherinops affinis,topsmelt silverside,native,8,27,,
EMPA,CC-MCS,Moro Cojo Slough,2,10/1/2024,beach seine,1,Atherinops affinis,topsmelt silverside,native,9,46,,
EMPA,CC-MCS,Moro Cojo Slough,2,10/1/2024,beach seine,1,Atherinops affinis,topsmelt silverside,native,10,46,,
EMPA,CC-MCS,Moro Cojo Slough,2,10/1/2024,beach seine,1,Gasterosteus aculeatus,threespine stickleback,native,1,45,,
EMPA,CC-MCS,Moro Cojo Slough,2,10/1/2024,beach seine,1,Gasterosteus aculeatus,threespine stickleback,native,2,48,,
EMPA,CC-MCS,Moro Cojo Slough,2,10/1/2024,beach seine,1,Gasterosteus aculeatus,threespine stickleback,native,3,55,,
EMPA,CC-MCS,Moro Cojo Slough,2,10/1/2024,beach seine,1,Gasterosteus aculeatus,threespine stickleback,native,4,43,,
EMPA,CC-MCS,Moro Cojo Slough,2,10/1/2024,beach seine,1,Gasterosteus aculeatus,threespine stickleback,native,5,39,,
EMPA,CC-MCS,Moro Cojo Slough,2,10/1/2024,beach seine,1,Gasterosteus aculeatus,threespine stickleback,native,6,46,,
EMPA,CC-MCS,Moro Cojo Slough,2,10/1/2024,beach seine,1,Gasterosteus aculeatus,threespine stickleback,native,7,46,,
EMPA,CC-MCS,Moro Cojo Slough,2,10/1/2024,beach seine,1,Gasterosteus aculeatus,threespine stickleback,native,8,26,,
EMPA,CC-MCS,Moro Cojo Slough,2,10/1/2024,beach seine,1,Gasterosteus aculeatus,threespine stickleback,native,9,30,,
EMPA,CC-MCS,Moro Cojo Slough,2,10/1/2024,beach seine,1,Gasterosteus aculeatus,threespine stickleback,native,10,40,,
EMPA,CC-MCS,Moro Cojo Slough,2,10/1/2024,beach seine,1,Cottus asper,prickly sculpin,native,1,69,,
EMPA,CC-MCS,Moro Cojo Slough,2,10/1/2024,beach seine,1,Acanthogobius flavimanus,yellowfin goby,invasive,1,145,,
EMPA,CC-MCS,Moro Cojo Slough,2,10/1/2024,beach seine,2,Atherinops affinis,topsmelt silverside,native,1,84,,
EMPA,CC-MCS,Moro Cojo Slough,2,10/1/2024,beach seine,2,Atherinops affinis,topsmelt silverside,native,2,32,,
EMPA,CC-MCS,Moro Cojo Slough,2,10/1/2024,beach seine,2,Atherinops affinis,topsmelt silverside,native,3,45,,
EMPA,CC-MCS,Moro Cojo Slough,2,10/1/2024,beach seine,2,Atherinops affinis,topsmelt silverside,native,4,34,,
EMPA,CC-MCS,Moro Cojo Slough,2,10/1/2024,beach seine,2,Atherinops affinis,topsmelt silverside,native,5,60,,
EMPA,CC-MCS,Moro Cojo Slough,2,10/1/2024,beach seine,2,Atherinops affinis,topsmelt silverside,native,6,50,,
EMPA,CC-MCS,Moro Cojo Slough,2,10/1/2024,beach seine,2,Atherinops affinis,topsmelt silverside,native,7,39,,
EMPA,CC-MCS,Moro Cojo Slough,2,10/1/2024,beach seine,2,Atherinops affinis,topsmelt silverside,native,8,58,,
EMPA,CC-MCS,Moro Cojo Slough,2,10/1/2024,beach seine,2,Atherinops affinis,topsmelt silverside,native,9,39,,
EMPA,CC-MCS,Moro Cojo Slough,2,10/1/2024,beach seine,2,Atherinops affinis,topsmelt silverside,native,10,44,,
EMPA,CC-MCS,Moro Cojo Slough,2,10/1/2024,beach seine,2,Gasterosteus aculeatus,threespine stickleback,native,1,55,,
EMPA,CC-MCS,Moro Cojo Slough,2,10/1/2024,beach seine,2,Gasterosteus aculeatus,threespine stickleback,native,2,43,,
EMPA,CC-MCS,Moro Cojo Slough,2,10/1/2024,beach seine,2,Gasterosteus aculeatus,threespine stickleback,native,3,55,,
EMPA,CC-MCS,Moro Cojo Slough,2,10/1/2024,beach seine,2,Gasterosteus aculeatus,threespine stickleback,native,4,56,,
EMPA,CC-MCS,Moro Cojo Slough,2,10/1/2024,beach seine,2,Gasterosteus aculeatus,threespine stickleback,native,5,45,,
EMPA,CC-MCS,Moro Cojo Slough,2,10/1/2024,beach seine,2,Gasterosteus aculeatus,threespine stickleback,native,6,45,,
EMPA,CC-MCS,Moro Cojo Slough,2,10/1/2024,beach seine,2,Gasterosteus aculeatus,threespine stickleback,native,7,30,,
EMPA,CC-MCS,Moro Cojo Slough,2,10/1/2024,beach seine,2,Gasterosteus aculeatus,threespine stickleback,native,8,22,,
EMPA,CC-MCS,Moro Cojo Slough,2,10/1/2024,beach seine,2,Gasterosteus aculeatus,threespine stickleback,native,9,35,,
EMPA,CC-MCS,Moro Cojo Slough,2,10/1/2024,beach seine,2,Gasterosteus aculeatus,threespine stickleback,native,10,40,,
EMPA,CC-MCS,Moro Cojo Slough,2,10/1/2024,beach seine,3,Atherinops affinis,topsmelt silverside,native,1,35,,
EMPA,CC-MCS,Moro Cojo Slough,2,10/1/2024,beach seine,3,Atherinops affinis,topsmelt silverside,native,2,63,,
EMPA,CC-MCS,Moro Cojo Slough,2,10/1/2024,beach seine,3,Atherinops affinis,topsmelt silverside,native,3,42,,
EMPA,CC-MCS,Moro Cojo Slough,2,10/1/2024,beach seine,3,Atherinops affinis,topsmelt silverside,native,4,37,,
EMPA,CC-MCS,Moro Cojo Slough,2,10/1/2024,beach seine,3,Atherinops affinis,topsmelt silverside,native,5,38,,
EMPA,CC-MCS,Moro Cojo Slough,2,10/1/2024,beach seine,3,Atherinops affinis,topsmelt silverside,native,6,48,,
EMPA,CC-MCS,Moro Cojo Slough,2,10/1/2024,beach seine,3,Atherinops affinis,topsmelt silverside,native,7,34,,
EMPA,CC-MCS,Moro Cojo Slough,2,10/1/2024,beach seine,3,Atherinops affinis,topsmelt silverside,native,8,35,,
EMPA,CC-MCS,Moro Cojo Slough,2,10/1/2024,beach seine,3,Atherinops affinis,topsmelt silverside,native,9,74,,
EMPA,CC-MCS,Moro Cojo Slough,2,10/1/2024,beach seine,3,Atherinops affinis,topsmelt silverside,native,10,47,,
EMPA,CC-MCS,Moro Cojo Slough,2,10/1/2024,beach seine,3,Gasterosteus aculeatus,threespine stickleback,native,1,43,,
EMPA,CC-MCS,Moro Cojo Slough,2,10/1/2024,beach seine,3,Gasterosteus aculeatus,threespine stickleback,native,2,50,,
EMPA,CC-MCS,Moro Cojo Slough,2,10/1/2024,beach seine,3,Gasterosteus aculeatus,threespine stickleback,native,3,48,,
EMPA,CC-MCS,Moro Cojo Slough,2,10/1/2024,beach seine,3,Gasterosteus aculeatus,threespine stickleback,native,4,43,,
EMPA,CC-MCS,Moro Cojo Slough,2,10/1/2024,beach seine,3,Gasterosteus aculeatus,threespine stickleback,native,5,47,,
EMPA,CC-MCS,Moro Cojo Slough,2,10/1/2024,beach seine,3,Gasterosteus aculeatus,threespine stickleback,native,6,45,,
EMPA,CC-MCS,Moro Cojo Slough,2,10/1/2024,beach seine,3,Gasterosteus aculeatus,threespine stickleback,native,7,34,,
EMPA,CC-MCS,Moro Cojo Slough,2,10/1/2024,beach seine,3,Gasterosteus aculeatus,threespine stickleback,native,8,47,,
EMPA,CC-MCS,Moro Cojo Slough,2,10/1/2024,beach seine,3,Gasterosteus aculeatus,threespine stickleback,native,9,44,,
EMPA,CC-MCS,Moro Cojo Slough,2,10/1/2024,beach seine,3,Gasterosteus aculeatus,threespine stickleback,native,10,34,,
EMPA,CC-MCS,Moro Cojo Slough,2,10/1/2024,beach seine,3,Syngnathus sp.,pipefish,not recorded,1,154,,
EMPA,CC-MCS,Moro Cojo Slough,2,10/1/2024,beach seine,3,Cottus asper,prickly sculpin,native,1,79,,
EMPA,CC-MCS,Moro Cojo Slough,2,10/1/2024,beach seine,3,Cottus asper,prickly sculpin,native,2,60,,
EMPA,CC-MCS,Moro Cojo Slough,2,10/1/2024,beach seine,3,Cottus asper,prickly sculpin,native,3,46,,
EMPA,CC-MCS,Moro Cojo Slough,2,10/1/2024,beach seine,3,Cottus asper,prickly sculpin,native,4,64,,
EMPA,CC-MCS,Moro Cojo Slough,2,10/1/2024,beach seine,3,Cottus asper,prickly sculpin,native,5,50,,
EMPA,CC-MCS,Moro Cojo Slough,2,10/1/2024,beach seine,3,Clevelandia ios,arrow goby,native,1,46,,
EMPA,CC-MCS,Moro Cojo Slough,2,10/1/2024,beach seine,3,Clevelandia ios,arrow goby,native,2,47,,
EMPA,CC-MCS,Moro Cojo Slough,2,10/1/2024,beach seine,3,Clevelandia ios,arrow goby,native,3,49,,
EMPA,CC-MCS,Moro Cojo Slough,2,10/1/2024,beach seine,3,Clevelandia ios,arrow goby,native,4,40,,
EMPA,CC-MCS,Moro Cojo Slough,2,10/1/2024,beach seine,3,Clevelandia ios,arrow goby,native,5,34,,
EMPA,CC-MCS,Moro Cojo Slough,2,10/1/2024,beach seine,3,Gillichthys mirabilis,longjaw mudsucker goby,native,1,95,,
EMPA,CC-MCS,Moro Cojo Slough,2,10/1/2024,beach seine,4,Cottus asper,prickly sculpin,native,1,-88,,
EMPA,CC-MCS,Moro Cojo Slough,2,10/1/2024,beach seine,4,Atherinops affinis,topsmelt silverside,native,1,-88,,
EMPA,CC-MCS,Moro Cojo Slough,2,10/1/2024,beach seine,4,Gasterosteus aculeatus,threespine stickleback,native,1,-88,,
EMPA,CC-MCS,Moro Cojo Slough,2,10/1/2024,beach seine,5,Gasterosteus aculeatus,threespine stickleback,native,1,-88,,
EMPA,CC-MCS,Moro Cojo Slough,2,10/1/2024,beach seine,5,Cottus asper,prickly sculpin,native,1,-88,,
EMPA,CC-MCS,Moro Cojo Slough,2,10/1/2024,beach seine,5,Acanthogobius flavimanus,yellowfin goby,invasive,1,-88,,
EMPA,CC-MCS,Moro Cojo Slough,2,10/1/2024,beach seine,5,Clevelandia ios,arrow goby,native,1,-88,,
EMPA,CC-MCS,Moro Cojo Slough,2,10/1/2024,beach seine,5,Atherinops affinis,topsmelt silverside,native,1,-88,,
EMPA,CC-MCS,Moro Cojo Slough,2,10/1/2024,beach seine,5,Leptocottus armatus,Pacific staghorn sculpin,native,1,-88,,
EMPA ,CC-MOR,Morro Bay,1,10/17/2024,beach seine ,1,Pachygrapsus sp.,shore crab,Not recorded,1,5,<1g,
EMPA ,CC-MOR,Morro Bay,1,10/17/2024,beach seine ,1,Pachygrapsus sp.,shore crab,Not recorded,2,4,<1g,
EMPA ,CC-MOR,Morro Bay,1,10/17/2024,beach seine ,1,Pachygrapsus sp.,shore crab,Not recorded,3,10,1g,
EMPA ,CC-MOR,Morro Bay,1,10/17/2024,beach seine ,1,Atherinops affinis,topsmelt silverside,native,1,61,,
EMPA ,CC-MOR,Morro Bay,1,10/17/2024,beach seine ,1,Atherinops affinis,topsmelt silverside,native,2,52,,
EMPA ,CC-MOR,Morro Bay,1,10/17/2024,beach seine ,1,Atherinops affinis,topsmelt silverside,native,3,57,,
EMPA ,CC-MOR,Morro Bay,1,10/17/2024,beach seine ,1,Atherinops affinis,topsmelt silverside,native,4,58,,
EMPA ,CC-MOR,Morro Bay,1,10/17/2024,beach seine ,1,Atherinops affinis,topsmelt silverside,native,5,66,,
EMPA ,CC-MOR,Morro Bay,1,10/17/2024,beach seine ,1,Atherinops affinis,topsmelt silverside,native,6,85,,
EMPA ,CC-MOR,Morro Bay,1,10/17/2024,beach seine ,1,Atherinops affinis,topsmelt silverside,native,7,69,,
EMPA ,CC-MOR,Morro Bay,1,10/17/2024,beach seine ,1,Atherinops affinis,topsmelt silverside,native,8,61,,
EMPA ,CC-MOR,Morro Bay,1,10/17/2024,beach seine ,1,Atherinops affinis,topsmelt silverside,native,9,65,,
EMPA ,CC-MOR,Morro Bay,1,10/17/2024,beach seine ,1,Atherinops affinis,topsmelt silverside,native,10,58,,
EMPA ,CC-MOR,Morro Bay,1,10/17/2024,beach seine ,1,Syngnathus leptorhynchus,bay pipefish,native,1,172,,
EMPA ,CC-MOR,Morro Bay,1,10/17/2024,beach seine ,1,Syngnathus leptorhynchus,bay pipefish,native,2,174,,
EMPA ,CC-MOR,Morro Bay,1,10/17/2024,beach seine ,1,Clevelandia ios,arrow goby,native,1,31,,
EMPA ,CC-MOR,Morro Bay,1,10/17/2024,beach seine ,2,Syngnathus leptorhynchus,bay pipefish,native,1,210,,
EMPA ,CC-MOR,Morro Bay,1,10/17/2024,beach seine ,2,Syngnathus leptorhynchus,bay pipefish,native,2,214,,
EMPA ,CC-MOR,Morro Bay,1,10/17/2024,beach seine ,2,Atherinops affinis,topsmelt silverside,native,1,62,,
EMPA ,CC-MOR,Morro Bay,1,10/17/2024,beach seine ,2,Atherinops affinis,topsmelt silverside,native,2,65,,
EMPA ,CC-MOR,Morro Bay,1,10/17/2024,beach seine ,2,Atherinops affinis,topsmelt silverside,native,3,52,,
EMPA ,CC-MOR,Morro Bay,1,10/17/2024,beach seine ,2,Atherinops affinis,topsmelt silverside,native,4,45,,
EMPA ,CC-MOR,Morro Bay,1,10/17/2024,beach seine ,2,Atherinops affinis,topsmelt silverside,native,5,46,,
EMPA ,CC-MOR,Morro Bay,1,10/17/2024,beach seine ,2,Atherinops affinis,topsmelt silverside,native,6,56,,
EMPA ,CC-MOR,Morro Bay,1,10/17/2024,beach seine ,2,Atherinops affinis,topsmelt silverside,native,7,60,,
EMPA ,CC-MOR,Morro Bay,1,10/17/2024,beach seine ,2,Atherinops affinis,topsmelt silverside,native,8,59,,
EMPA ,CC-MOR,Morro Bay,1,10/17/2024,beach seine ,2,Atherinops affinis,topsmelt silverside,native,9,44,,
EMPA ,CC-MOR,Morro Bay,1,10/17/2024,beach seine ,2,Atherinops affinis,topsmelt silverside,native,10,48,,
EMPA ,CC-MOR,Morro Bay,1,10/17/2024,beach seine ,2,Clevelandia ios,arrow goby,native,1,36,,
EMPA ,CC-MOR,Morro Bay,1,10/17/2024,beach seine ,2,Clevelandia ios,arrow goby,native,2,38,,
EMPA ,CC-MOR,Morro Bay,1,10/17/2024,beach seine ,2,Clevelandia ios,arrow goby,native,3,34,,
EMPA ,CC-MOR,Morro Bay,1,10/17/2024,beach seine ,2,Clevelandia ios,arrow goby,native,4,39,,
EMPA ,CC-MOR,Morro Bay,1,10/17/2024,beach seine ,3,Atherinops affinis,topsmelt silverside,native,1,62,,
EMPA ,CC-MOR,Morro Bay,1,10/17/2024,beach seine ,3,Atherinops affinis,topsmelt silverside,native,2,69,,
EMPA ,CC-MOR,Morro Bay,1,10/17/2024,beach seine ,3,Atherinops affinis,topsmelt silverside,native,3,70,,
EMPA ,CC-MOR,Morro Bay,1,10/17/2024,beach seine ,3,Atherinops affinis,topsmelt silverside,native,4,73,,
EMPA ,CC-MOR,Morro Bay,1,10/17/2024,beach seine ,3,Atherinops affinis,topsmelt silverside,native,5,66,,
EMPA ,CC-MOR,Morro Bay,1,10/17/2024,beach seine ,3,Atherinops affinis,topsmelt silverside,native,6,75,,
EMPA ,CC-MOR,Morro Bay,1,10/17/2024,beach seine ,3,Atherinops affinis,topsmelt silverside,native,7,71,,
EMPA ,CC-MOR,Morro Bay,1,10/17/2024,beach seine ,3,Atherinops affinis,topsmelt silverside,native,8,50,,
EMPA ,CC-MOR,Morro Bay,1,10/17/2024,beach seine ,3,Atherinops affinis,topsmelt silverside,native,9,59,,
EMPA ,CC-MOR,Morro Bay,1,10/17/2024,beach seine ,3,Atherinops affinis,topsmelt silverside,native,10,55,,
EMPA ,CC-MOR,Morro Bay,1,10/17/2024,beach seine ,4,Not recorded,Not recorded,Not recorded,-88,-88,,
EMPA ,CC-MOR,Morro Bay,1,10/17/2024,beach seine ,5,Not recorded,Not recorded,Not recorded,-88,-88,,
EMPA ,CC-MOR,Morro Bay,2,10/15/2024,beach seine ,1,Engraulis mordax,Californian anchovy,native,1,70,,
EMPA ,CC-MOR,Morro Bay,2,10/15/2024,beach seine ,1,Engraulis mordax,Californian anchovy,native,2,63,,
EMPA ,CC-MOR,Morro Bay,2,10/15/2024,beach seine ,1,Atherinops affinis,topsmelt silverside,native,1,24,,
EMPA ,CC-MOR,Morro Bay,2,10/15/2024,beach seine ,1,Atherinops affinis,topsmelt silverside,native,2,27,,
EMPA ,CC-MOR,Morro Bay,2,10/15/2024,beach seine ,1,Atherinops affinis,topsmelt silverside,native,3,30,,
EMPA ,CC-MOR,Morro Bay,2,10/15/2024,beach seine ,1,Atherinops affinis,topsmelt silverside,native,4,22,,
EMPA ,CC-MOR,Morro Bay,2,10/15/2024,beach seine ,1,Atherinops affinis,topsmelt silverside,native,5,29,,
EMPA ,CC-MOR,Morro Bay,2,10/15/2024,beach seine ,1,Atherinops affinis,topsmelt silverside,native,6,22,,
EMPA ,CC-MOR,Morro Bay,2,10/15/2024,beach seine ,1,Atherinops affinis,topsmelt silverside,native,7,26,,
EMPA ,CC-MOR,Morro Bay,2,10/15/2024,beach seine ,1,Atherinops affinis,topsmelt silverside,native,8,28,,
EMPA ,CC-MOR,Morro Bay,2,10/15/2024,beach seine ,1,Atherinops affinis,topsmelt silverside,native,9,29,,
EMPA ,CC-MOR,Morro Bay,2,10/15/2024,beach seine ,1,Atherinops affinis,topsmelt silverside,native,10,28,,
EMPA ,CC-MOR,Morro Bay,2,10/15/2024,beach seine ,1,Fundulus parvipinnis,California killifish,native,1,32,,
EMPA ,CC-MOR,Morro Bay,2,10/15/2024,beach seine ,1,Fundulus parvipinnis,California killifish,native,2,37,,
EMPA ,CC-MOR,Morro Bay,2,10/15/2024,beach seine ,1,Fundulus parvipinnis,California killifish,native,3,51,,
EMPA ,CC-MOR,Morro Bay,2,10/15/2024,beach seine ,1,Fundulus parvipinnis,California killifish,native,4,44,,
EMPA ,CC-MOR,Morro Bay,2,10/15/2024,beach seine ,1,Fundulus parvipinnis,California killifish,native,5,46,,
EMPA ,CC-MOR,Morro Bay,2,10/15/2024,beach seine ,1,Fundulus parvipinnis,California killifish,native,6,38,,
EMPA ,CC-MOR,Morro Bay,2,10/15/2024,beach seine ,1,Fundulus parvipinnis,California killifish,native,7,33,,
EMPA ,CC-MOR,Morro Bay,2,10/15/2024,beach seine ,1,Fundulus parvipinnis,California killifish,native,8,45,,
EMPA ,CC-MOR,Morro Bay,2,10/15/2024,beach seine ,1,Fundulus parvipinnis,California killifish,native,9,46,,
EMPA ,CC-MOR,Morro Bay,2,10/15/2024,beach seine ,1,Fundulus parvipinnis,California killifish,native,10,35,,
EMPA ,CC-MOR,Morro Bay,2,10/15/2024,beach seine ,1,Syngnathus leptorhynchus,bay pipefish,native,1,49,,
EMPA ,CC-MOR,Morro Bay,2,10/15/2024,beach seine ,1,Syngnathus leptorhynchus,bay pipefish,native,2,93,,
EMPA ,CC-MOR,Morro Bay,2,10/15/2024,beach seine ,1,Gasterosteus aculeatus,threespine stickleback,native,1,27,,
EMPA ,CC-MOR,Morro Bay,2,10/15/2024,beach seine ,1,Clevelandia ios,arrow goby,native,1,35,,
EMPA ,CC-MOR,Morro Bay,2,10/15/2024,beach seine ,1,Clevelandia ios,arrow goby,native,2,37,,
EMPA ,CC-MOR,Morro Bay,2,10/15/2024,beach seine ,1,Clevelandia ios,arrow goby,native,3,34,,
EMPA ,CC-MOR,Morro Bay,2,10/15/2024,beach seine ,1,Clevelandia ios,arrow goby,native,4,33,,
EMPA ,CC-MOR,Morro Bay,2,10/15/2024,beach seine ,1,Clevelandia ios,arrow goby,native,5,28,,
EMPA ,CC-MOR,Morro Bay,2,10/15/2024,beach seine ,2,Atherinops affinis,topsmelt silverside,native,1,54,,
EMPA ,CC-MOR,Morro Bay,2,10/15/2024,beach seine ,2,Atherinops affinis,topsmelt silverside,native,2,37,,
EMPA ,CC-MOR,Morro Bay,2,10/15/2024,beach seine ,2,Atherinops affinis,topsmelt silverside,native,3,34,,
EMPA ,CC-MOR,Morro Bay,2,10/15/2024,beach seine ,2,Atherinops affinis,topsmelt silverside,native,4,39,,
EMPA ,CC-MOR,Morro Bay,2,10/15/2024,beach seine ,2,Atherinops affinis,topsmelt silverside,native,5,27,,
EMPA ,CC-MOR,Morro Bay,2,10/15/2024,beach seine ,2,Atherinops affinis,topsmelt silverside,native,6,37,,
EMPA ,CC-MOR,Morro Bay,2,10/15/2024,beach seine ,2,Atherinops affinis,topsmelt silverside,native,7,41,,
EMPA ,CC-MOR,Morro Bay,2,10/15/2024,beach seine ,2,Atherinops affinis,topsmelt silverside,native,8,31,,
EMPA ,CC-MOR,Morro Bay,2,10/15/2024,beach seine ,2,Atherinops affinis,topsmelt silverside,native,9,34,,
EMPA ,CC-MOR,Morro Bay,2,10/15/2024,beach seine ,2,Atherinops affinis,topsmelt silverside,native,10,42,,
EMPA ,CC-MOR,Morro Bay,2,10/15/2024,beach seine ,2,Fundulus parvipinnis,California killifish,native,1,39,,
EMPA ,CC-MOR,Morro Bay,2,10/15/2024,beach seine ,2,Fundulus parvipinnis,California killifish,native,2,36,,
EMPA ,CC-MOR,Morro Bay,2,10/15/2024,beach seine ,2,Fundulus parvipinnis,California killifish,native,3,38,,
EMPA ,CC-MOR,Morro Bay,2,10/15/2024,beach seine ,2,Fundulus parvipinnis,California killifish,native,4,40,,
EMPA ,CC-MOR,Morro Bay,2,10/15/2024,beach seine ,2,Fundulus parvipinnis,California killifish,native,5,37,,
EMPA ,CC-MOR,Morro Bay,2,10/15/2024,beach seine ,2,Fundulus parvipinnis,California killifish,native,6,41,,
EMPA ,CC-MOR,Morro Bay,2,10/15/2024,beach seine ,2,Fundulus parvipinnis,California killifish,native,7,52,,
EMPA ,CC-MOR,Morro Bay,2,10/15/2024,beach seine ,2,Fundulus parvipinnis,California killifish,native,8,48,,
EMPA ,CC-MOR,Morro Bay,2,10/15/2024,beach seine ,2,Fundulus parvipinnis,California killifish,native,9,43,,
EMPA ,CC-MOR,Morro Bay,2,10/15/2024,beach seine ,2,Fundulus parvipinnis,California killifish,native,10,34,,
EMPA ,CC-MOR,Morro Bay,2,10/15/2024,beach seine ,2,Syngnathus leptorhynchus,bay pipefish,native,1,75,,
EMPA ,CC-MOR,Morro Bay,2,10/15/2024,beach seine ,2,Syngnathus leptorhynchus,bay pipefish,native,2,136,,
EMPA ,CC-MOR,Morro Bay,2,10/15/2024,beach seine ,2,Syngnathus leptorhynchus,bay pipefish,native,3,63,,
EMPA ,CC-MOR,Morro Bay,2,10/15/2024,beach seine ,2,Syngnathus leptorhynchus,bay pipefish,native,4,147,,
EMPA ,CC-MOR,Morro Bay,2,10/15/2024,beach seine ,2,Engraulis mordax,Californian anchovy,native,1,64,,
EMPA ,CC-MOR,Morro Bay,2,10/15/2024,beach seine ,2,Engraulis mordax,Californian anchovy,native,2,66,,
EMPA ,CC-MOR,Morro Bay,2,10/15/2024,beach seine ,2,Engraulis mordax,Californian anchovy,native,3,65,,
EMPA ,CC-MOR,Morro Bay,2,10/15/2024,beach seine ,2,Clevelandia ios,arrow goby,native,1,38,,
EMPA ,CC-MOR,Morro Bay,2,10/15/2024,beach seine ,2,Clevelandia ios,arrow goby,native,2,31,,
EMPA ,CC-MOR,Morro Bay,2,10/15/2024,beach seine ,2,Clevelandia ios,arrow goby,native,3,22,,
EMPA ,CC-MOR,Morro Bay,2,10/15/2024,beach seine ,2,Clevelandia ios,arrow goby,native,4,35,,
EMPA ,CC-MOR,Morro Bay,2,10/15/2024,beach seine ,2,Clevelandia ios,arrow goby,native,5,26,,
EMPA ,CC-MOR,Morro Bay,2,10/15/2024,beach seine ,2,Clevelandia ios,arrow goby,native,6,32,,
EMPA ,CC-MOR,Morro Bay,2,10/15/2024,beach seine ,2,Clevelandia ios,arrow goby,native,7,31,,
EMPA ,CC-MOR,Morro Bay,2,10/15/2024,beach seine ,2,Clevelandia ios,arrow goby,native,8,27,,
EMPA ,CC-MOR,Morro Bay,2,10/15/2024,beach seine ,2,Clevelandia ios,arrow goby,native,9,31,,
EMPA ,CC-MOR,Morro Bay,2,10/15/2024,beach seine ,2,Clevelandia ios,arrow goby,native,10,26,,
EMPA ,CC-MOR,Morro Bay,2,10/15/2024,beach seine ,2,Mugil cephalus,striped mullet,native,1,71,,
EMPA ,CC-MOR,Morro Bay,2,10/15/2024,beach seine ,2,Leptocottus armatus,Pacific staghorn sculpin,native,1,114,,
EMPA ,CC-MOR,Morro Bay,2,10/15/2024,beach seine ,3,Fundulus parvipinnis,California killifish,native,1,58,,
EMPA ,CC-MOR,Morro Bay,2,10/15/2024,beach seine ,3,Fundulus parvipinnis,California killifish,native,2,56,,
EMPA ,CC-MOR,Morro Bay,2,10/15/2024,beach seine ,3,Fundulus parvipinnis,California killifish,native,3,52,,
EMPA ,CC-MOR,Morro Bay,2,10/15/2024,beach seine ,3,Fundulus parvipinnis,California killifish,native,4,86,,
EMPA ,CC-MOR,Morro Bay,2,10/15/2024,beach seine ,3,Fundulus parvipinnis,California killifish,native,5,60,,
EMPA ,CC-MOR,Morro Bay,2,10/15/2024,beach seine ,3,Fundulus parvipinnis,California killifish,native,6,47,,
EMPA ,CC-MOR,Morro Bay,2,10/15/2024,beach seine ,3,Fundulus parvipinnis,California killifish,native,7,49,,
EMPA ,CC-MOR,Morro Bay,2,10/15/2024,beach seine ,3,Fundulus parvipinnis,California killifish,native,8,56,,
EMPA ,CC-MOR,Morro Bay,2,10/15/2024,beach seine ,3,Fundulus parvipinnis,California killifish,native,9,57,,
EMPA ,CC-MOR,Morro Bay,2,10/15/2024,beach seine ,3,Fundulus parvipinnis,California killifish,native,10,39,,
EMPA ,CC-MOR,Morro Bay,2,10/15/2024,beach seine ,3,Atherinops affinis,topsmelt silverside,native,1,39,,
EMPA ,CC-MOR,Morro Bay,2,10/15/2024,beach seine ,3,Atherinops affinis,topsmelt silverside,native,2,52,,
EMPA ,CC-MOR,Morro Bay,2,10/15/2024,beach seine ,3,Atherinops affinis,topsmelt silverside,native,3,55,,
EMPA ,CC-MOR,Morro Bay,2,10/15/2024,beach seine ,3,Atherinops affinis,topsmelt silverside,native,4,47,,
EMPA ,CC-MOR,Morro Bay,2,10/15/2024,beach seine ,3,Atherinops affinis,topsmelt silverside,native,5,57,,
EMPA ,CC-MOR,Morro Bay,2,10/15/2024,beach seine ,3,Atherinops affinis,topsmelt silverside,native,6,53,,
EMPA ,CC-MOR,Morro Bay,2,10/15/2024,beach seine ,3,Atherinops affinis,topsmelt silverside,native,7,67,,
EMPA ,CC-MOR,Morro Bay,2,10/15/2024,beach seine ,3,Atherinops affinis,topsmelt silverside,native,8,57,,
EMPA ,CC-MOR,Morro Bay,2,10/15/2024,beach seine ,3,Atherinops affinis,topsmelt silverside,native,9,48,,
EMPA ,CC-MOR,Morro Bay,2,10/15/2024,beach seine ,3,Atherinops affinis,topsmelt silverside,native,10,36,,
EMPA ,CC-MOR,Morro Bay,2,10/15/2024,beach seine ,3,Pachygrapsus sp.,shore crab,Not recorded,1,26,7g,
EMPA ,CC-MOR,Morro Bay,2,10/15/2024,beach seine ,3,Clevelandia ios,arrow goby,native,1,33,,
EMPA ,CC-MOR,Morro Bay,2,10/15/2024,beach seine ,3,Clevelandia ios,arrow goby,native,2,31,,
EMPA ,CC-MOR,Morro Bay,2,10/15/2024,beach seine ,4,Hemigrapsus oregonensis,yellow shore crab,native,-88,-88,,
EMPA ,CC-MOR,Morro Bay,2,10/15/2024,beach seine ,5,Porichthys notatus,plainfin midshipman,native,-88,-88,,
EMPA ,CC-MOR,Morro Bay,2,10/15/2024,beach seine ,5,Ilypnus gilberti,cheekspot goby,native,-88,-88,,
EMPA ,CC-MOR,Morro Bay,3,10/16/2024,beach seine ,1,Atherinops affinis,topsmelt silverside,native,1,82,,
EMPA ,CC-MOR,Morro Bay,3,10/16/2024,beach seine ,1,Atherinops affinis,topsmelt silverside,native,2,29,,
EMPA ,CC-MOR,Morro Bay,3,10/16/2024,beach seine ,1,Atherinops affinis,topsmelt silverside,native,3,188,,
EMPA ,CC-MOR,Morro Bay,3,10/16/2024,beach seine ,1,Atherinops affinis,topsmelt silverside,native,4,104,,
EMPA ,CC-MOR,Morro Bay,3,10/16/2024,beach seine ,1,Atherinops affinis,topsmelt silverside,native,5,77,,
EMPA ,CC-MOR,Morro Bay,3,10/16/2024,beach seine ,1,Atherinops affinis,topsmelt silverside,native,6,73,,
EMPA ,CC-MOR,Morro Bay,3,10/16/2024,beach seine ,1,Atherinops affinis,topsmelt silverside,native,7,66,,
EMPA ,CC-MOR,Morro Bay,3,10/16/2024,beach seine ,1,Atherinops affinis,topsmelt silverside,native,8,72,,
EMPA ,CC-MOR,Morro Bay,3,10/16/2024,beach seine ,1,Atherinops affinis,topsmelt silverside,native,9,89,,
EMPA ,CC-MOR,Morro Bay,3,10/16/2024,beach seine ,1,Atherinops affinis,topsmelt silverside,native,10,37,,
EMPA ,CC-MOR,Morro Bay,3,10/16/2024,beach seine ,1,Fundulus parvipinnis,California killifish,native,1,33,,
EMPA ,CC-MOR,Morro Bay,3,10/16/2024,beach seine ,1,Fundulus parvipinnis,California killifish,native,2,46,,
EMPA ,CC-MOR,Morro Bay,3,10/16/2024,beach seine ,1,Fundulus parvipinnis,California killifish,native,3,49,,
EMPA ,CC-MOR,Morro Bay,3,10/16/2024,beach seine ,1,Fundulus parvipinnis,California killifish,native,4,62,,
EMPA ,CC-MOR,Morro Bay,3,10/16/2024,beach seine ,1,Fundulus parvipinnis,California killifish,native,5,54,,
EMPA ,CC-MOR,Morro Bay,3,10/16/2024,beach seine ,1,Fundulus parvipinnis,California killifish,native,6,49,,
EMPA ,CC-MOR,Morro Bay,3,10/16/2024,beach seine ,1,Fundulus parvipinnis,California killifish,native,7,46,,
EMPA ,CC-MOR,Morro Bay,3,10/16/2024,beach seine ,1,Fundulus parvipinnis,California killifish,native,8,53,,
EMPA ,CC-MOR,Morro Bay,3,10/16/2024,beach seine ,1,Fundulus parvipinnis,California killifish,native,9,57,,
EMPA ,CC-MOR,Morro Bay,3,10/16/2024,beach seine ,1,Fundulus parvipinnis,California killifish,native,10,44,,
EMPA ,CC-MOR,Morro Bay,3,10/16/2024,beach seine ,2,Atherinops affinis,topsmelt silverside,native,1,176,,
EMPA ,CC-MOR,Morro Bay,3,10/16/2024,beach seine ,2,Atherinops affinis,topsmelt silverside,native,2,109,,
EMPA ,CC-MOR,Morro Bay,3,10/16/2024,beach seine ,2,Atherinops affinis,topsmelt silverside,native,3,31,,
EMPA ,CC-MOR,Morro Bay,3,10/16/2024,beach seine ,2,Atherinops affinis,topsmelt silverside,native,4,32,,
EMPA ,CC-MOR,Morro Bay,3,10/16/2024,beach seine ,2,Atherinops affinis,topsmelt silverside,native,5,27,,
EMPA ,CC-MOR,Morro Bay,3,10/16/2024,beach seine ,2,Atherinops affinis,topsmelt silverside,native,6,63,,
EMPA ,CC-MOR,Morro Bay,3,10/16/2024,beach seine ,2,Atherinops affinis,topsmelt silverside,native,7,36,,
EMPA ,CC-MOR,Morro Bay,3,10/16/2024,beach seine ,2,Atherinops affinis,topsmelt silverside,native,8,37,,
EMPA ,CC-MOR,Morro Bay,3,10/16/2024,beach seine ,2,Engraulis mordax,Californian anchovy,native,1,72,,
EMPA ,CC-MOR,Morro Bay,3,10/16/2024,beach seine ,2,Engraulis mordax,Californian anchovy,native,2,46,,
EMPA ,CC-MOR,Morro Bay,3,10/16/2024,beach seine ,2,Engraulis mordax,Californian anchovy,native,3,68,,
EMPA ,CC-MOR,Morro Bay,3,10/16/2024,beach seine ,2,Clevelandia ios,arrow goby,native,1,47,,
EMPA ,CC-MOR,Morro Bay,3,10/16/2024,beach seine ,2,Clevelandia ios,arrow goby,native,2,39,,
EMPA ,CC-MOR,Morro Bay,3,10/16/2024,beach seine ,2,Clevelandia ios,arrow goby,native,3,34,,
EMPA ,CC-MOR,Morro Bay,3,10/16/2024,beach seine ,3,Atherinops affinis,topsmelt silverside,native,1,84,,
EMPA ,CC-MOR,Morro Bay,3,10/16/2024,beach seine ,3,Atherinops affinis,topsmelt silverside,native,2,33,,
EMPA ,CC-MOR,Morro Bay,3,10/16/2024,beach seine ,3,Atherinops affinis,topsmelt silverside,native,3,107,,
EMPA ,CC-MOR,Morro Bay,3,10/16/2024,beach seine ,3,Atherinops affinis,topsmelt silverside,native,4,97,,
EMPA ,CC-MOR,Morro Bay,3,10/16/2024,beach seine ,3,Atherinops affinis,topsmelt silverside,native,5,35,,
EMPA ,CC-MOR,Morro Bay,3,10/16/2024,beach seine ,3,Atherinops affinis,topsmelt silverside,native,6,37,,
EMPA ,CC-MOR,Morro Bay,3,10/16/2024,beach seine ,3,Atherinops affinis,topsmelt silverside,native,7,33,,
EMPA ,CC-MOR,Morro Bay,3,10/16/2024,beach seine ,3,Atherinops affinis,topsmelt silverside,native,8,37,,
EMPA ,CC-MOR,Morro Bay,3,10/16/2024,beach seine ,3,Atherinops affinis,topsmelt silverside,native,9,31,,
EMPA ,CC-MOR,Morro Bay,3,10/16/2024,beach seine ,3,Atherinops affinis,topsmelt silverside,native,10,43,,
EMPA ,CC-MOR,Morro Bay,3,10/16/2024,beach seine ,3,Engraulis mordax,Californian anchovy,native,1,51,,
EMPA ,CC-MOR,Morro Bay,3,10/16/2024,beach seine ,3,Fundulus parvipinnis,California killifish,native,1,48,,
EMPA ,CC-MOR,Morro Bay,3,10/16/2024,beach seine ,3,Fundulus parvipinnis,California killifish,native,2,53,,
EMPA ,CC-MOR,Morro Bay,3,10/16/2024,beach seine ,3,Fundulus parvipinnis,California killifish,native,3,51,,
EMPA ,CC-MOR,Morro Bay,3,10/16/2024,beach seine ,3,Fundulus parvipinnis,California killifish,native,4,48,,
EMPA ,CC-MOR,Morro Bay,3,10/16/2024,beach seine ,3,Fundulus parvipinnis,California killifish,native,5,43,,
EMPA ,CC-MOR,Morro Bay,3,10/16/2024,beach seine ,3,Fundulus parvipinnis,California killifish,native,6,56,,
EMPA ,CC-MOR,Morro Bay,3,10/16/2024,beach seine ,3,Fundulus parvipinnis,California killifish,native,7,54,,
EMPA ,CC-MOR,Morro Bay,3,10/16/2024,beach seine ,3,Fundulus parvipinnis,California killifish,native,8,42,,
EMPA ,CC-MOR,Morro Bay,3,10/16/2024,beach seine ,3,Fundulus parvipinnis,California killifish,native,9,52,,
EMPA ,CC-MOR,Morro Bay,3,10/16/2024,beach seine ,3,Fundulus parvipinnis,California killifish,native,10,43,,
EMPA ,CC-MOR,Morro Bay,3,10/16/2024,beach seine ,4,Not recorded,Not recorded,Not recorded,-88,-88,,
EMPA ,CC-MOR,Morro Bay,3,10/16/2024,beach seine ,5,Not recorded,Not recorded,Not recorded,-88,-88,,
EMPA,CC-PAJ,Pajaro River,1,10/7/2024,Beach seine,1,Atherinops affinis,topsmelt silverside,Native,1,56,,
EMPA,CC-PAJ,Pajaro River,1,10/7/2024,Beach seine,1,Atherinops affinis,topsmelt silverside,Native,2,62,,
EMPA,CC-PAJ,Pajaro River,1,10/7/2024,Beach seine,1,Atherinops affinis,topsmelt silverside,Native,3,37,,
EMPA,CC-PAJ,Pajaro River,1,10/7/2024,Beach seine,1,Atherinops affinis,topsmelt silverside,Native,4,67,,
EMPA,CC-PAJ,Pajaro River,1,10/7/2024,Beach seine,1,Atherinops affinis,topsmelt silverside,Native,5,58,,
EMPA,CC-PAJ,Pajaro River,1,10/7/2024,Beach seine,1,Atherinops affinis,topsmelt silverside,Native,6,56,,
EMPA,CC-PAJ,Pajaro River,1,10/7/2024,Beach seine,1,Atherinops affinis,topsmelt silverside,Native,7,49,,
EMPA,CC-PAJ,Pajaro River,1,10/7/2024,Beach seine,1,Atherinops affinis,topsmelt silverside,Native,8,73,,
EMPA,CC-PAJ,Pajaro River,1,10/7/2024,Beach seine,1,Atherinops affinis,topsmelt silverside,Native,9,65,,
EMPA,CC-PAJ,Pajaro River,1,10/7/2024,Beach seine,1,Atherinops affinis,topsmelt silverside,Native,10,63,,
EMPA,CC-PAJ,Pajaro River,1,10/7/2024,Beach seine,1,Clevelandia ios,arrow goby,Native,1,42,,
EMPA,CC-PAJ,Pajaro River,1,10/7/2024,Beach seine,2,Atherinops affinis,topsmelt silverside,Native,1,76,,
EMPA,CC-PAJ,Pajaro River,1,10/7/2024,Beach seine,2,Atherinops affinis,topsmelt silverside,Native,2,47,,
EMPA,CC-PAJ,Pajaro River,1,10/7/2024,Beach seine,2,Atherinops affinis,topsmelt silverside,Native,3,59,,
EMPA,CC-PAJ,Pajaro River,1,10/7/2024,Beach seine,2,Atherinops affinis,topsmelt silverside,Native,4,76,,
EMPA,CC-PAJ,Pajaro River,1,10/7/2024,Beach seine,2,Atherinops affinis,topsmelt silverside,Native,5,62,,
EMPA,CC-PAJ,Pajaro River,1,10/7/2024,Beach seine,2,Atherinops affinis,topsmelt silverside,Native,6,76,,
EMPA,CC-PAJ,Pajaro River,1,10/7/2024,Beach seine,2,Atherinops affinis,topsmelt silverside,Native,7,75,,
EMPA,CC-PAJ,Pajaro River,1,10/7/2024,Beach seine,2,Atherinops affinis,topsmelt silverside,Native,8,66,,
EMPA,CC-PAJ,Pajaro River,1,10/7/2024,Beach seine,2,Atherinops affinis,topsmelt silverside,Native,9,56,,
EMPA,CC-PAJ,Pajaro River,1,10/7/2024,Beach seine,2,Atherinops affinis,topsmelt silverside,Native,10,69,,
EMPA,CC-PAJ,Pajaro River,1,10/7/2024,Beach seine,2,Clevelandia ios,arrow goby,Native,1,32,,
EMPA,CC-PAJ,Pajaro River,1,10/7/2024,Beach seine,2,Clevelandia ios,arrow goby,Native,2,39,,
EMPA,CC-PAJ,Pajaro River,1,10/7/2024,Beach seine,2,Clevelandia ios,arrow goby,Native,3,42,,
EMPA,CC-PAJ,Pajaro River,1,10/7/2024,Beach seine,3,Clevelandia ios,arrow goby,Native,1,37,,
EMPA,CC-PAJ,Pajaro River,1,10/7/2024,Beach seine,3,Clevelandia ios,arrow goby,Native,2,36,,
EMPA,CC-PAJ,Pajaro River,1,10/7/2024,Beach seine,3,Clevelandia ios,arrow goby,Native,3,28,,
EMPA,CC-PAJ,Pajaro River,1,10/7/2024,Beach seine,3,Clevelandia ios,arrow goby,Native,4,39,,
EMPA,CC-PAJ,Pajaro River,1,10/7/2024,Beach seine,3,Clevelandia ios,arrow goby,Native,5,23,,
EMPA,CC-PAJ,Pajaro River,1,10/7/2024,Beach seine,3,Clevelandia ios,arrow goby,Native,6,41,,
EMPA,CC-PAJ,Pajaro River,1,10/7/2024,Beach seine,3,Clevelandia ios,arrow goby,Native,7,35,,
EMPA,CC-PAJ,Pajaro River,1,10/7/2024,Beach seine,3,Clevelandia ios,arrow goby,Native,8,37,,
EMPA,CC-PAJ,Pajaro River,1,10/7/2024,Beach seine,3,Clevelandia ios,arrow goby,Native,9,34,,
EMPA,CC-PAJ,Pajaro River,1,10/7/2024,Beach seine,3,Clevelandia ios,arrow goby,Native,10,27,,
EMPA,CC-PAJ,Pajaro River,1,10/7/2024,Beach seine,3,Metacarcinus magister,dungeness crab,Native,1,20,,
EMPA,CC-PAJ,Pajaro River,1,10/7/2024,Beach seine,4,Clevelandia ios,arrow goby ,Native,-88,-88,,
EMPA,CC-PAJ,Pajaro River,1,10/7/2024,Beach seine,4,Atherinops affinis,topsmelt silverside,Native,-88,-88,,
EMPA,CC-PAJ,Pajaro River,1,10/7/2024,Beach seine,5,Atherinops affinis ,topsmelt silverside,Native,-88,-88,,
EMPA,CC-PAJ,Pajaro River,1,10/7/2024,Beach seine,5,Clevelandia ios,arrow goby,Native,-88,-88,,
EMPA,CC-PAJ,Pajaro River,2,10/7/2024,Beach seine,1,Atherinops affinis,topsmelt silverside,Native,1,57,,
EMPA,CC-PAJ,Pajaro River,2,10/7/2024,Beach seine,1,Atherinops affinis,topsmelt silverside,Native,2,59,,
EMPA,CC-PAJ,Pajaro River,2,10/7/2024,Beach seine,1,Atherinops affinis,topsmelt silverside,Native,3,60,,
EMPA,CC-PAJ,Pajaro River,2,10/7/2024,Beach seine,1,Atherinops affinis,topsmelt silverside,Native,4,49,,
EMPA,CC-PAJ,Pajaro River,2,10/7/2024,Beach seine,1,Atherinops affinis,topsmelt silverside,Native,5,59,,
EMPA,CC-PAJ,Pajaro River,2,10/7/2024,Beach seine,1,Atherinops affinis,topsmelt silverside,Native,6,57,,
EMPA,CC-PAJ,Pajaro River,2,10/7/2024,Beach seine,1,Atherinops affinis,topsmelt silverside,Native,7,51,,
EMPA,CC-PAJ,Pajaro River,2,10/7/2024,Beach seine,1,Atherinops affinis,topsmelt silverside,Native,8,55,,
EMPA,CC-PAJ,Pajaro River,2,10/7/2024,Beach seine,1,Atherinops affinis,topsmelt silverside,Native,9,63,,
EMPA,CC-PAJ,Pajaro River,2,10/7/2024,Beach seine,1,Atherinops affinis,topsmelt silverside,Native,10,59,,
EMPA,CC-PAJ,Pajaro River,2,10/7/2024,Beach seine,1,Clevelandia ios,arrow goby,Native,1,37,,
EMPA,CC-PAJ,Pajaro River,2,10/7/2024,Beach seine,1,Clevelandia ios,arrow goby,Native,2,34,,
EMPA,CC-PAJ,Pajaro River,2,10/7/2024,Beach seine,1,Clevelandia ios,arrow goby,Native,3,38,,
EMPA,CC-PAJ,Pajaro River,2,10/7/2024,Beach seine,1,Clevelandia ios,arrow goby,Native,4,37,,
EMPA,CC-PAJ,Pajaro River,2,10/7/2024,Beach seine,1,Clevelandia ios,arrow goby,Native,5,43,,
EMPA,CC-PAJ,Pajaro River,2,10/7/2024,Beach seine,1,Clevelandia ios,arrow goby,Native,6,31,,
EMPA,CC-PAJ,Pajaro River,2,10/7/2024,Beach seine,1,Clevelandia ios,arrow goby,Native,7,36,,
EMPA,CC-PAJ,Pajaro River,2,10/7/2024,Beach seine,1,Clevelandia ios,arrow goby,Native,8,37,,
EMPA,CC-PAJ,Pajaro River,2,10/7/2024,Beach seine,1,Clevelandia ios,arrow goby,Native,9,38,,
EMPA,CC-PAJ,Pajaro River,2,10/7/2024,Beach seine,1,Clevelandia ios,arrow goby,Native,10,36,,
EMPA,CC-PAJ,Pajaro River,2,10/7/2024,Beach seine,1,Hemigrapsus oregonensis,yellow shore crab,Native,1,29,,
EMPA,CC-PAJ,Pajaro River,2,10/7/2024,Beach seine,1,Hemigrapsus oregonensis,yellow shore crab,Native,2,25,,
EMPA,CC-PAJ,Pajaro River,2,10/7/2024,Beach seine,1,Hemigrapsus oregonensis,yellow shore crab,Native,3,26,,
EMPA,CC-PAJ,Pajaro River,2,10/7/2024,Beach seine,1,Hemigrapsus oregonensis,yellow shore crab,Native,4,20,,
EMPA,CC-PAJ,Pajaro River,2,10/7/2024,Beach seine,1,Hemigrapsus oregonensis,yellow shore crab,Native,5,28,,
EMPA,CC-PAJ,Pajaro River,2,10/7/2024,Beach seine,1,Hemigrapsus oregonensis,yellow shore crab,Native,6,26,,
EMPA,CC-PAJ,Pajaro River,2,10/7/2024,Beach seine,2,Atherinops affinis,topsmelt silverside,Native,1,64,,
EMPA,CC-PAJ,Pajaro River,2,10/7/2024,Beach seine,2,Atherinops affinis,topsmelt silverside,Native,2,61,,
EMPA,CC-PAJ,Pajaro River,2,10/7/2024,Beach seine,2,Atherinops affinis,topsmelt silverside,Native,3,56,,
EMPA,CC-PAJ,Pajaro River,2,10/7/2024,Beach seine,2,Atherinops affinis,topsmelt silverside,Native,4,43,,
EMPA,CC-PAJ,Pajaro River,2,10/7/2024,Beach seine,2,Atherinops affinis,topsmelt silverside,Native,5,46,,
EMPA,CC-PAJ,Pajaro River,2,10/7/2024,Beach seine,2,Atherinops affinis,topsmelt silverside,Native,6,66,,
EMPA,CC-PAJ,Pajaro River,2,10/7/2024,Beach seine,2,Atherinops affinis,topsmelt silverside,Native,7,48,,
EMPA,CC-PAJ,Pajaro River,2,10/7/2024,Beach seine,2,Atherinops affinis,topsmelt silverside,Native,8,64,,
EMPA,CC-PAJ,Pajaro River,2,10/7/2024,Beach seine,2,Atherinops affinis,topsmelt silverside,Native,9,67,,
EMPA,CC-PAJ,Pajaro River,2,10/7/2024,Beach seine,2,Atherinops affinis,topsmelt silverside,Native,10,59,,
EMPA,CC-PAJ,Pajaro River,2,10/7/2024,Beach seine,2,Clevelandia ios,arrow goby,Native,1,44,,
EMPA,CC-PAJ,Pajaro River,2,10/7/2024,Beach seine,3,Atherinops affinis,topsmelt silverside,Native,1,52,,
EMPA,CC-PAJ,Pajaro River,2,10/7/2024,Beach seine,3,Atherinops affinis,topsmelt silverside,Native,2,60,,
EMPA,CC-PAJ,Pajaro River,2,10/7/2024,Beach seine,3,Atherinops affinis,topsmelt silverside,Native,3,53,,
EMPA,CC-PAJ,Pajaro River,2,10/7/2024,Beach seine,3,Atherinops affinis,topsmelt silverside,Native,4,53,,
EMPA,CC-PAJ,Pajaro River,2,10/7/2024,Beach seine,3,Atherinops affinis,topsmelt silverside,Native,5,52,,
EMPA,CC-PAJ,Pajaro River,2,10/7/2024,Beach seine,3,Atherinops affinis,topsmelt silverside,Native,6,56,,
EMPA,CC-PAJ,Pajaro River,2,10/7/2024,Beach seine,3,Atherinops affinis,topsmelt silverside,Native,7,43,,
EMPA,CC-PAJ,Pajaro River,2,10/7/2024,Beach seine,3,Atherinops affinis,topsmelt silverside,Native,8,55,,
EMPA,CC-PAJ,Pajaro River,2,10/7/2024,Beach seine,3,Atherinops affinis,topsmelt silverside,Native,9,55,,
EMPA,CC-PAJ,Pajaro River,2,10/7/2024,Beach seine,3,Atherinops affinis,topsmelt silverside,Native,10,56,,
EMPA,CC-PAJ,Pajaro River,2,10/7/2024,Beach seine,3,Gasterosteus aculeatus,threespine stickleback,Native,1,21,,
EMPA,CC-PAJ,Pajaro River,2,10/7/2024,Beach seine,3,Hemigrapsus oregonensis,yellow shore crab,Native,1,28,,
EMPA,CC-PAJ,Pajaro River,2,10/7/2024,Beach seine,3,Hemigrapsus oregonensis,yellow shore crab,Native,2,26,,
EMPA,CC-PAJ,Pajaro River,2,10/7/2024,Beach seine,3,Hemigrapsus oregonensis,yellow shore crab,Native,3,21,,
EMPA,CC-PAJ,Pajaro River,2,10/7/2024,Beach seine,3,Hemigrapsus oregonensis,yellow shore crab,Native,4,29,,
EMPA,CC-PAJ,Pajaro River,2,10/7/2024,Beach seine,3,Hemigrapsus oregonensis,yellow shore crab,Native,5,32,,
EMPA,CC-PAJ,Pajaro River,2,10/7/2024,Beach seine,3,Hemigrapsus oregonensis,yellow shore crab,Native,6,24,,
EMPA,CC-PAJ,Pajaro River,2,10/7/2024,Beach seine,3,Hemigrapsus oregonensis,yellow shore crab,Native,7,28,,
EMPA,CC-PAJ,Pajaro River,2,10/7/2024,Beach seine,3,Hemigrapsus oregonensis,yellow shore crab,Native,8,24,,
EMPA,CC-PAJ,Pajaro River,2,10/7/2024,Beach seine,3,Hemigrapsus oregonensis,yellow shore crab,Native,9,25,,
EMPA,CC-PAJ,Pajaro River,2,10/7/2024,Beach seine,3,Hemigrapsus oregonensis,yellow shore crab,Native,10,21,,
EMPA,CC-PAJ,Pajaro River,2,10/7/2024,Beach seine,4,Atherinops affinis,topsmelt silverside,Native,-88,-88,,
EMPA,CC-PAJ,Pajaro River,2,10/7/2024,Beach seine,4,Clevelandia ios,arrow goby,Native,-88,-88,,
EMPA,CC-PAJ,Pajaro River,2,10/7/2024,Beach seine,4,Leptocottus armatus,Pacific staghorn sculpin ,Native,-88,-88,,
EMPA,CC-PAJ,Pajaro River,2,10/7/2024,Beach seine,5,Atherinops affinis,topsmelt silverside,Native,-88,-88,,
EMPA,CC-PAJ,Pajaro River,2,10/7/2024,Beach seine,5,Clevelandia ios,arrow goby,Native,-88,-88,,
EMPA,CC-PAJ,Pajaro River,3,10/8/2024,Beach seine,1,Clevelandia ios,arrow goby,Native,1,34,,
EMPA,CC-PAJ,Pajaro River,3,10/8/2024,Beach seine,1,Clevelandia ios,arrow goby,Native,2,36,,
EMPA,CC-PAJ,Pajaro River,3,10/8/2024,Beach seine,1,Clevelandia ios,arrow goby,Native,3,34,,
EMPA,CC-PAJ,Pajaro River,3,10/8/2024,Beach seine,1,Clevelandia ios,arrow goby,Native,4,43,,
EMPA,CC-PAJ,Pajaro River,3,10/8/2024,Beach seine,1,Clevelandia ios,arrow goby,Native,5,31,,
EMPA,CC-PAJ,Pajaro River,3,10/8/2024,Beach seine,1,Clevelandia ios,arrow goby,Native,6,36,,
EMPA,CC-PAJ,Pajaro River,3,10/8/2024,Beach seine,1,Clevelandia ios,arrow goby,Native,7,35,,
EMPA,CC-PAJ,Pajaro River,3,10/8/2024,Beach seine,1,Clevelandia ios,arrow goby,Native,8,37,,
EMPA,CC-PAJ,Pajaro River,3,10/8/2024,Beach seine,1,Clevelandia ios,arrow goby,Native,9,39,,
EMPA,CC-PAJ,Pajaro River,3,10/8/2024,Beach seine,1,Clevelandia ios,arrow goby,Native,10,33,,
EMPA,CC-PAJ,Pajaro River,3,10/8/2024,Beach seine,1,Atherinops affinis,topsmelt silverside,Native,1,98,,
EMPA,CC-PAJ,Pajaro River,3,10/8/2024,Beach seine,1,Atherinops affinis,topsmelt silverside,Native,2,44,,
EMPA,CC-PAJ,Pajaro River,3,10/8/2024,Beach seine,1,Atherinops affinis,topsmelt silverside,Native,3,98,,
EMPA,CC-PAJ,Pajaro River,3,10/8/2024,Beach seine,1,Syngnathus leptorhynchus,bay pipefish,Native,1,96,,
EMPA,CC-PAJ,Pajaro River,3,10/8/2024,Beach seine,1,Syngnathus leptorhynchus,bay pipefish,Native,2,49,,
EMPA,CC-PAJ,Pajaro River,3,10/8/2024,Beach seine,1,Syngnathus leptorhynchus,bay pipefish,Native,3,134,,
EMPA,CC-PAJ,Pajaro River,3,10/8/2024,Beach seine,1,Platichthys stellatus,starry flounder,Native,1,127,,
EMPA,CC-PAJ,Pajaro River,3,10/8/2024,Beach seine,1,leptocottus armatus,Pacific staghorn sculpin ,Native,1,94,,
EMPA,CC-PAJ,Pajaro River,3,10/8/2024,Beach seine,1,Metacarcinus magister,dungeness crab,Native,2,30,,
EMPA,CC-PAJ,Pajaro River,3,10/8/2024,Beach seine,1,Metacarcinus magister,dungeness crab,Native,3,90,,
EMPA,CC-PAJ,Pajaro River,3,10/8/2024,Beach seine,1,Metacarcinus magister,dungeness crab,Native,4,70,,
EMPA,CC-PAJ,Pajaro River,3,10/8/2024,Beach seine,1,Metacarcinus magister,dungeness crab,Native,5,29,,
EMPA,CC-PAJ,Pajaro River,3,10/8/2024,Beach seine,1,Hemigrapsus oregonensis,yellow shore crab,Native,1,33,,
EMPA,CC-PAJ,Pajaro River,3,10/8/2024,Beach seine,1,Hemigrapsus oregonensis,yellow shore crab,Native,2,30,,
EMPA,CC-PAJ,Pajaro River,3,10/8/2024,Beach seine,1,Hemigrapsus oregonensis,yellow shore crab,Native,3,29,,
EMPA,CC-PAJ,Pajaro River,3,10/8/2024,Beach seine,1,Hemigrapsus oregonensis,yellow shore crab,Native,4,29,,
EMPA,CC-PAJ,Pajaro River,3,10/8/2024,Beach seine,1,Hemigrapsus oregonensis,yellow shore crab,Native,5,26,,
EMPA,CC-PAJ,Pajaro River,3,10/8/2024,Beach seine,1,Hemigrapsus oregonensis,yellow shore crab,Native,6,25,,
EMPA,CC-PAJ,Pajaro River,3,10/8/2024,Beach seine,1,Hemigrapsus oregonensis,yellow shore crab,Native,7,27,,
EMPA,CC-PAJ,Pajaro River,3,10/8/2024,Beach seine,1,Hemigrapsus oregonensis,yellow shore crab,Native,8,24,,
EMPA,CC-PAJ,Pajaro River,3,10/8/2024,Beach seine,1,Hemigrapsus oregonensis,yellow shore crab,Native,9,29,,
EMPA,CC-PAJ,Pajaro River,3,10/8/2024,Beach seine,1,Hemigrapsus oregonensis,yellow shore crab,Native,10,23,,
EMPA,CC-PAJ,Pajaro River,3,10/8/2024,Beach seine,2,Clevelandia ios,arrow goby,Native,1,46,,
EMPA,CC-PAJ,Pajaro River,3,10/8/2024,Beach seine,2,Clevelandia ios,arrow goby,Native,2,46,,
EMPA,CC-PAJ,Pajaro River,3,10/8/2024,Beach seine,2,Clevelandia ios,arrow goby,Native,3,39,,
EMPA,CC-PAJ,Pajaro River,3,10/8/2024,Beach seine,2,Clevelandia ios,arrow goby,Native,4,44,,
EMPA,CC-PAJ,Pajaro River,3,10/8/2024,Beach seine,2,Clevelandia ios,arrow goby,Native,5,46,,
EMPA,CC-PAJ,Pajaro River,3,10/8/2024,Beach seine,2,Clevelandia ios,arrow goby,Native,6,37,,
EMPA,CC-PAJ,Pajaro River,3,10/8/2024,Beach seine,2,Clevelandia ios,arrow goby,Native,7,45,,
EMPA,CC-PAJ,Pajaro River,3,10/8/2024,Beach seine,2,Clevelandia ios,arrow goby,Native,8,35,,
EMPA,CC-PAJ,Pajaro River,3,10/8/2024,Beach seine,2,Clevelandia ios,arrow goby,Native,9,44,,
EMPA,CC-PAJ,Pajaro River,3,10/8/2024,Beach seine,2,Clevelandia ios,arrow goby,Native,10,47,,
EMPA,CC-PAJ,Pajaro River,3,10/8/2024,Beach seine,2,leptocottus armatus,Pacific staghorn sculpin ,Native,1,30,,
EMPA,CC-PAJ,Pajaro River,3,10/8/2024,Beach seine,2,leptocottus armatus,Pacific staghorn sculpin ,Native,2,27,,
EMPA,CC-PAJ,Pajaro River,3,10/8/2024,Beach seine,2,leptocottus armatus,Pacific staghorn sculpin ,Native,3,95,,
EMPA,CC-PAJ,Pajaro River,3,10/8/2024,Beach seine,2,leptocottus armatus,Pacific staghorn sculpin ,Native,4,75,,
EMPA,CC-PAJ,Pajaro River,3,10/8/2024,Beach seine,2,leptocottus armatus,Pacific staghorn sculpin ,Native,5,89,,
EMPA,CC-PAJ,Pajaro River,3,10/8/2024,Beach seine,2,Atherinops affinis,topsmelt silverside,Native,1,57,,
EMPA,CC-PAJ,Pajaro River,3,10/8/2024,Beach seine,2,Atherinops affinis,topsmelt silverside,Native,2,48,,
EMPA,CC-PAJ,Pajaro River,3,10/8/2024,Beach seine,2,Atherinops affinis,topsmelt silverside,Native,3,50,,
EMPA,CC-PAJ,Pajaro River,3,10/8/2024,Beach seine,2,Atherinops affinis,topsmelt silverside,Native,4,56,,
EMPA,CC-PAJ,Pajaro River,3,10/8/2024,Beach seine,2,Atherinops affinis,topsmelt silverside,Native,5,50,,
EMPA,CC-PAJ,Pajaro River,3,10/8/2024,Beach seine,2,Atherinops affinis,topsmelt silverside,Native,6,51,,
EMPA,CC-PAJ,Pajaro River,3,10/8/2024,Beach seine,2,Atherinops affinis,topsmelt silverside,Native,7,47,,
EMPA,CC-PAJ,Pajaro River,3,10/8/2024,Beach seine,2,Syngnathus leptorhynchus,bay pipefish,Native,1,169,,
EMPA,CC-PAJ,Pajaro River,3,10/8/2024,Beach seine,2,Syngnathus leptorhynchus,bay pipefish,Native,2,157,,
EMPA,CC-PAJ,Pajaro River,3,10/8/2024,Beach seine,2,Platichthys stellatus,starry flounder,Native,1,142,,
EMPA,CC-PAJ,Pajaro River,3,10/8/2024,Beach seine,2,Citharichthys stigmaeus,speckled sanddab,Native,1,16,,
EMPA,CC-PAJ,Pajaro River,3,10/8/2024,Beach seine,2,Citharichthys stigmaeus,speckled sanddab,Native,2,27,,
EMPA,CC-PAJ,Pajaro River,3,10/8/2024,Beach seine,2,Acanthogobius flavimanus,yellowfin goby,invasive ,1,132,,
EMPA,CC-PAJ,Pajaro River,3,10/8/2024,Beach seine,2,Metacarcinus magister,dungeness crab,Native,1,66,,
EMPA,CC-PAJ,Pajaro River,3,10/8/2024,Beach seine,2,Metacarcinus magister,dungeness crab,Native,2,149,,
EMPA,CC-PAJ,Pajaro River,3,10/8/2024,Beach seine,2,Metacarcinus magister,dungeness crab,Native,3,94,,
EMPA,CC-PAJ,Pajaro River,3,10/8/2024,Beach seine,2,Metacarcinus magister,dungeness crab,Native,4,90,,
EMPA,CC-PAJ,Pajaro River,3,10/8/2024,Beach seine,2,Metacarcinus magister,dungeness crab,Native,5,95,,
EMPA,CC-PAJ,Pajaro River,3,10/8/2024,Beach seine,2,Metacarcinus magister,dungeness crab,Native,6,89,,
EMPA,CC-PAJ,Pajaro River,3,10/8/2024,Beach seine,2,Metacarcinus magister,dungeness crab,Native,7,105,,
EMPA,CC-PAJ,Pajaro River,3,10/8/2024,Beach seine,2,Metacarcinus magister,dungeness crab,Native,8,83,,
EMPA,CC-PAJ,Pajaro River,3,10/8/2024,Beach seine,2,Metacarcinus magister,dungeness crab,Native,9,81,,
EMPA,CC-PAJ,Pajaro River,3,10/8/2024,Beach seine,2,Metacarcinus magister,dungeness crab,Native,10,75,,
EMPA,CC-PAJ,Pajaro River,3,10/8/2024,Beach seine,2,Hemigrapsus oregonensis,yellow shore crab,Native,1,29,,
EMPA,CC-PAJ,Pajaro River,3,10/8/2024,Beach seine,2,Hemigrapsus oregonensis,yellow shore crab,Native,2,30,,
EMPA,CC-PAJ,Pajaro River,3,10/8/2024,Beach seine,2,Hemigrapsus oregonensis,yellow shore crab,Native,3,20,,
EMPA,CC-PAJ,Pajaro River,3,10/8/2024,Beach seine,2,Hemigrapsus oregonensis,yellow shore crab,Native,4,32,,
EMPA,CC-PAJ,Pajaro River,3,10/8/2024,Beach seine,2,Hemigrapsus oregonensis,yellow shore crab,Native,5,24,,
EMPA,CC-PAJ,Pajaro River,3,10/8/2024,Beach seine,2,Hemigrapsus oregonensis,yellow shore crab,Native,6,28,,
EMPA,CC-PAJ,Pajaro River,3,10/8/2024,Beach seine,2,Hemigrapsus oregonensis,yellow shore crab,Native,7,28,,
EMPA,CC-PAJ,Pajaro River,3,10/8/2024,Beach seine,2,Hemigrapsus oregonensis,yellow shore crab,Native,8,31,,
EMPA,CC-PAJ,Pajaro River,3,10/8/2024,Beach seine,2,Hemigrapsus oregonensis,yellow shore crab,Native,9,19,,
EMPA,CC-PAJ,Pajaro River,3,10/8/2024,Beach seine,2,Hemigrapsus oregonensis,yellow shore crab,Native,10,18,,
EMPA,CC-PAJ,Pajaro River,3,10/8/2024,Beach seine,3,Atherinops affinis,topsmelt silverside,Native,1,95,,
EMPA,CC-PAJ,Pajaro River,3,10/8/2024,Beach seine,3,Atherinops affinis,topsmelt silverside,Native,2,83,,
EMPA,CC-PAJ,Pajaro River,3,10/8/2024,Beach seine,3,Atherinops affinis,topsmelt silverside,Native,3,79,,
EMPA,CC-PAJ,Pajaro River,3,10/8/2024,Beach seine,3,Atherinops affinis,topsmelt silverside,Native,4,71,,
EMPA,CC-PAJ,Pajaro River,3,10/8/2024,Beach seine,3,Atherinops affinis,topsmelt silverside,Native,5,89,,
EMPA,CC-PAJ,Pajaro River,3,10/8/2024,Beach seine,3,Atherinops affinis,topsmelt silverside,Native,6,100,,
EMPA,CC-PAJ,Pajaro River,3,10/8/2024,Beach seine,3,Atherinops affinis,topsmelt silverside,Native,7,72,,
EMPA,CC-PAJ,Pajaro River,3,10/8/2024,Beach seine,3,Atherinops affinis,topsmelt silverside,Native,8,85,,
EMPA,CC-PAJ,Pajaro River,3,10/8/2024,Beach seine,3,Atherinops affinis,topsmelt silverside,Native,9,84,,
EMPA,CC-PAJ,Pajaro River,3,10/8/2024,Beach seine,3,Atherinops affinis,topsmelt silverside,Native,10,75,,
EMPA,CC-PAJ,Pajaro River,3,10/8/2024,Beach seine,3,Clevelandia ios,arrow goby,Native,1,43,,
EMPA,CC-PAJ,Pajaro River,3,10/8/2024,Beach seine,3,Clevelandia ios,arrow goby,Native,2,22,,
EMPA,CC-PAJ,Pajaro River,3,10/8/2024,Beach seine,3,Hemigrapsus oregonensis,yellow shore crab,Native,1,16,,
EMPA,CC-PAJ,Pajaro River,3,10/8/2024,Beach seine,4,Clevelandia ios,arrow goby,Native,-88,-88,,
EMPA,CC-PAJ,Pajaro River,3,10/8/2024,Beach seine,4,Atherinops affinis,topsmelt silverside,Native,-88,-88,,
EMPA,CC-PAJ,Pajaro River,3,10/8/2024,Beach seine,4,Fundulus parvipinnis,California killifish,Native,-88,-88,,
EMPA,CC-PAJ,Pajaro River,3,10/8/2024,Beach seine,5,Syngnathus leptorhynchus,bay pipefish,Native,-88,-88,,
EMPA,CC-PAJ,Pajaro River,3,10/8/2024,Beach seine,5,Atherinops affinis,topsmelt silverside,Native,-88,-88,,
EMPA,CC-PAJ,Pajaro River,3,10/8/2024,Beach seine,5,Clevelandia ios,arrow goby,Native,-88,-88,,
